# https://github.com/mikedh/trimesh

o ground
v 1005.47500000 -1007.80000002 -0.05000000 0.47058824 0.58823529 0.35294118
v 1005.47500000 1007.80000002 -0.05000000 0.47058824 0.58823529 0.35294118
v -1005.47500000 1007.80000002 -0.05000000 0.47058824 0.58823529 0.35294118
v -1005.47500000 -1007.80000002 -0.05000000 0.47058824 0.58823529 0.35294118
v 1005.47500000 -1007.80000002 0.00000000 0.47058824 0.58823529 0.35294118
v 1005.47500000 1007.80000002 0.00000000 0.47058824 0.58823529 0.35294118
v -1005.47500000 1007.80000002 0.00000000 0.47058824 0.58823529 0.35294118
v -1005.47500000 -1007.80000002 0.00000000 0.47058824 0.58823529 0.35294118
f 2 1 4
f 3 2 4
f 8 5 6
f 8 6 7
f 6 5 2
f 2 5 1
f 7 6 3
f 3 6 2
f 5 8 1
f 1 8 4
f 8 7 4
f 4 7 3

o platform
v 5.47500000 7.80000002 0.00000000 0.74509804 0.71372549 0.65882353
v 5.47500000 -7.80000002 0.00000000 0.74509804 0.71372549 0.65882353
v -3.37836990 -7.80000002 0.00000000 0.74509804 0.71372549 0.65882353
v -3.37836990 -6.75062962 0.00000000 0.74509804 0.71372549 0.65882353
v -5.47500000 -6.75062962 0.00000000 0.74509804 0.71372549 0.65882353
v -5.47500000 7.80000002 0.00000000 0.74509804 0.71372549 0.65882353
v 5.47500000 7.80000002 0.58000000 0.74509804 0.71372549 0.65882353
v 5.47500000 -7.80000002 0.58000000 0.74509804 0.71372549 0.65882353
v -3.37836990 -7.80000002 0.58000000 0.74509804 0.71372549 0.65882353
v -3.37836990 -6.75062962 0.58000000 0.74509804 0.71372549 0.65882353
v -5.47500000 -6.75062962 0.58000000 0.74509804 0.71372549 0.65882353
v -5.47500000 7.80000002 0.58000000 0.74509804 0.71372549 0.65882353
v 0.10163010 5.04937038 0.58000000 0.74509804 0.71372549 0.65882353
v 0.10163010 7.79937038 0.58000000 0.74509804 0.71372549 0.65882353
v -5.47836990 7.79937038 0.58000000 0.74509804 0.71372549 0.65882353
v -5.47836990 5.04937038 0.58000000 0.74509804 0.71372549 0.65882353
v 0.10163010 5.04937038 0.60000000 0.74509804 0.71372549 0.65882353
v 0.10163010 7.79937038 0.60000000 0.74509804 0.71372549 0.65882353
v -5.47836990 7.79937038 0.60000000 0.74509804 0.71372549 0.65882353
v -5.47836990 5.04937038 0.60000000 0.74509804 0.71372549 0.65882353
f 13 14 9
f 12 13 9
f 11 12 9
f 10 11 9
f 15 20 19
f 15 19 18
f 15 18 17
f 15 17 16
f 15 16 9
f 9 16 10
f 16 17 10
f 10 17 11
f 17 18 11
f 11 18 12
f 18 19 12
f 12 19 13
f 20 15 14
f 14 15 9
f 19 20 13
f 13 20 14
f 22 21 24
f 23 22 24
f 28 25 26
f 28 26 27
f 26 25 22
f 22 25 21
f 27 26 23
f 23 26 22
f 25 28 21
f 21 28 24
f 28 27 24
f 24 27 23

o floor
v -3.37836990 -7.80000002 0.58000000 0.76862745 0.62745098 0.46274510
v -3.37836990 -6.75062962 0.58000000 0.76862745 0.62745098 0.46274510
v -5.47500000 -6.75062962 0.58000000 0.76862745 0.62745098 0.46274510
v -5.47500000 5.04937038 0.58000000 0.76862745 0.62745098 0.46274510
v 0.10163010 5.04937038 0.58000000 0.76862745 0.62745098 0.46274510
v 0.10163010 7.80000002 0.58000000 0.76862745 0.62745098 0.46274510
v 5.47500000 7.80000002 0.58000000 0.76862745 0.62745098 0.46274510
v 5.47500000 -7.80000002 0.58000000 0.76862745 0.62745098 0.46274510
v -3.37836990 -7.80000002 0.60000000 0.76862745 0.62745098 0.46274510
v -3.37836990 -6.75062962 0.60000000 0.76862745 0.62745098 0.46274510
v -5.47500000 -6.75062962 0.60000000 0.76862745 0.62745098 0.46274510
v -5.47500000 5.04937038 0.60000000 0.76862745 0.62745098 0.46274510
v 0.10163010 5.04937038 0.60000000 0.76862745 0.62745098 0.46274510
v 0.10163010 7.80000002 0.60000000 0.76862745 0.62745098 0.46274510
v 5.47500000 7.80000002 0.60000000 0.76862745 0.62745098 0.46274510
v 5.47500000 -7.80000002 0.60000000 0.76862745 0.62745098 0.46274510
f 35 36 29
f 33 34 35
f 31 32 33
f 30 31 33
f 29 30 33
f 35 29 33
f 37 44 43
f 43 42 41
f 41 40 39
f 41 39 38
f 41 38 37
f 41 37 43
f 37 38 29
f 29 38 30
f 38 39 30
f 30 39 31
f 39 40 31
f 31 40 32
f 40 41 32
f 32 41 33
f 41 42 33
f 33 42 34
f 42 43 34
f 34 43 35
f 44 37 36
f 36 37 29
f 43 44 35
f 35 44 36

o stairs
v -3.37836990 -7.10062962 0.00000000 0.74509804 0.71372549 0.65882353
v -3.37836990 -6.75062962 0.00000000 0.74509804 0.71372549 0.65882353
v -5.47836990 -6.75062962 0.00000000 0.74509804 0.71372549 0.65882353
v -5.47836990 -7.10062962 0.00000000 0.74509804 0.71372549 0.65882353
v -3.37836990 -7.10062962 0.48000000 0.74509804 0.71372549 0.65882353
v -3.37836990 -6.75062962 0.48000000 0.74509804 0.71372549 0.65882353
v -5.47836990 -6.75062962 0.48000000 0.74509804 0.71372549 0.65882353
v -5.47836990 -7.10062962 0.48000000 0.74509804 0.71372549 0.65882353
v -3.37836990 -7.45062962 0.00000000 0.74509804 0.71372549 0.65882353
v -3.37836990 -7.10062962 0.00000000 0.74509804 0.71372549 0.65882353
v -5.47836990 -7.10062962 0.00000000 0.74509804 0.71372549 0.65882353
v -5.47836990 -7.45062962 0.00000000 0.74509804 0.71372549 0.65882353
v -3.37836990 -7.45062962 0.36000000 0.74509804 0.71372549 0.65882353
v -3.37836990 -7.10062962 0.36000000 0.74509804 0.71372549 0.65882353
v -5.47836990 -7.10062962 0.36000000 0.74509804 0.71372549 0.65882353
v -5.47836990 -7.45062962 0.36000000 0.74509804 0.71372549 0.65882353
v -3.37836990 -7.80062962 0.00000000 0.74509804 0.71372549 0.65882353
v -3.37836990 -7.45062962 0.00000000 0.74509804 0.71372549 0.65882353
v -5.47836990 -7.45062962 0.00000000 0.74509804 0.71372549 0.65882353
v -5.47836990 -7.80062962 0.00000000 0.74509804 0.71372549 0.65882353
v -3.37836990 -7.80062962 0.24000000 0.74509804 0.71372549 0.65882353
v -3.37836990 -7.45062962 0.24000000 0.74509804 0.71372549 0.65882353
v -5.47836990 -7.45062962 0.24000000 0.74509804 0.71372549 0.65882353
v -5.47836990 -7.80062962 0.24000000 0.74509804 0.71372549 0.65882353
v -3.37836990 -8.15062962 0.00000000 0.74509804 0.71372549 0.65882353
v -3.37836990 -7.80062962 0.00000000 0.74509804 0.71372549 0.65882353
v -5.47836990 -7.80062962 0.00000000 0.74509804 0.71372549 0.65882353
v -5.47836990 -8.15062962 0.00000000 0.74509804 0.71372549 0.65882353
v -3.37836990 -8.15062962 0.12000000 0.74509804 0.71372549 0.65882353
v -3.37836990 -7.80062962 0.12000000 0.74509804 0.71372549 0.65882353
v -5.47836990 -7.80062962 0.12000000 0.74509804 0.71372549 0.65882353
v -5.47836990 -8.15062962 0.12000000 0.74509804 0.71372549 0.65882353
v 0.07163010 7.79937038 0.00000000 0.74509804 0.71372549 0.65882353
v 0.07163010 8.14937038 0.00000000 0.74509804 0.71372549 0.65882353
v -1.42836990 8.14937038 0.00000000 0.74509804 0.71372549 0.65882353
v -1.42836990 7.79937038 0.00000000 0.74509804 0.71372549 0.65882353
v 0.07163010 7.79937038 0.48000000 0.74509804 0.71372549 0.65882353
v 0.07163010 8.14937038 0.48000000 0.74509804 0.71372549 0.65882353
v -1.42836990 8.14937038 0.48000000 0.74509804 0.71372549 0.65882353
v -1.42836990 7.79937038 0.48000000 0.74509804 0.71372549 0.65882353
v 0.07163010 8.14937038 0.00000000 0.74509804 0.71372549 0.65882353
v 0.07163010 8.49937038 0.00000000 0.74509804 0.71372549 0.65882353
v -1.42836990 8.49937038 0.00000000 0.74509804 0.71372549 0.65882353
v -1.42836990 8.14937038 0.00000000 0.74509804 0.71372549 0.65882353
v 0.07163010 8.14937038 0.36000000 0.74509804 0.71372549 0.65882353
v 0.07163010 8.49937038 0.36000000 0.74509804 0.71372549 0.65882353
v -1.42836990 8.49937038 0.36000000 0.74509804 0.71372549 0.65882353
v -1.42836990 8.14937038 0.36000000 0.74509804 0.71372549 0.65882353
v 0.07163010 8.49937038 0.00000000 0.74509804 0.71372549 0.65882353
v 0.07163010 8.84937038 0.00000000 0.74509804 0.71372549 0.65882353
v -1.42836990 8.84937038 0.00000000 0.74509804 0.71372549 0.65882353
v -1.42836990 8.49937038 0.00000000 0.74509804 0.71372549 0.65882353
v 0.07163010 8.49937038 0.24000000 0.74509804 0.71372549 0.65882353
v 0.07163010 8.84937038 0.24000000 0.74509804 0.71372549 0.65882353
v -1.42836990 8.84937038 0.24000000 0.74509804 0.71372549 0.65882353
v -1.42836990 8.49937038 0.24000000 0.74509804 0.71372549 0.65882353
v 0.07163010 8.84937038 0.00000000 0.74509804 0.71372549 0.65882353
v 0.07163010 9.19937038 0.00000000 0.74509804 0.71372549 0.65882353
v -1.42836990 9.19937038 0.00000000 0.74509804 0.71372549 0.65882353
v -1.42836990 8.84937038 0.00000000 0.74509804 0.71372549 0.65882353
v 0.07163010 8.84937038 0.12000000 0.74509804 0.71372549 0.65882353
v 0.07163010 9.19937038 0.12000000 0.74509804 0.71372549 0.65882353
v -1.42836990 9.19937038 0.12000000 0.74509804 0.71372549 0.65882353
v -1.42836990 8.84937038 0.12000000 0.74509804 0.71372549 0.65882353
f 46 45 48
f 47 46 48
f 52 49 50
f 52 50 51
f 50 49 46
f 46 49 45
f 51 50 47
f 47 50 46
f 49 52 45
f 45 52 48
f 52 51 48
f 48 51 47
f 54 53 56
f 55 54 56
f 60 57 58
f 60 58 59
f 58 57 54
f 54 57 53
f 59 58 55
f 55 58 54
f 57 60 53
f 53 60 56
f 60 59 56
f 56 59 55
f 62 61 64
f 63 62 64
f 68 65 66
f 68 66 67
f 66 65 62
f 62 65 61
f 67 66 63
f 63 66 62
f 65 68 61
f 61 68 64
f 68 67 64
f 64 67 63
f 70 69 72
f 71 70 72
f 76 73 74
f 76 74 75
f 74 73 70
f 70 73 69
f 75 74 71
f 71 74 70
f 73 76 69
f 69 76 72
f 76 75 72
f 72 75 71
f 78 77 80
f 79 78 80
f 84 81 82
f 84 82 83
f 82 81 78
f 78 81 77
f 83 82 79
f 79 82 78
f 81 84 77
f 77 84 80
f 84 83 80
f 80 83 79
f 86 85 88
f 87 86 88
f 92 89 90
f 92 90 91
f 90 89 86
f 86 89 85
f 91 90 87
f 87 90 86
f 89 92 85
f 85 92 88
f 92 91 88
f 88 91 87
f 94 93 96
f 95 94 96
f 100 97 98
f 100 98 99
f 98 97 94
f 94 97 93
f 99 98 95
f 95 98 94
f 97 100 93
f 93 100 96
f 100 99 96
f 96 99 95
f 102 101 104
f 103 102 104
f 108 105 106
f 108 106 107
f 106 105 102
f 102 105 101
f 107 106 103
f 103 106 102
f 105 108 101
f 101 108 104
f 108 107 104
f 104 107 103

o wall
v 5.22500000 2.85999998 0.60000000 0.92549020 0.90196078 0.85490196
v 5.47500000 2.85999998 0.60000000 0.92549020 0.90196078 0.85490196
v 5.47500000 2.73999998 0.60000000 0.92549020 0.90196078 0.85490196
v 5.22500000 2.73999998 0.60000000 0.92549020 0.90196078 0.85490196
v 5.22500000 2.85999998 3.35000000 0.92549020 0.90196078 0.85490196
v 5.47500000 2.85999998 3.35000000 0.92549020 0.90196078 0.85490196
v 5.47500000 2.73999998 3.35000000 0.92549020 0.90196078 0.85490196
v 5.22500000 2.73999998 3.35000000 0.92549020 0.90196078 0.85490196
v 5.22500000 1.00999998 0.60000000 0.92549020 0.90196078 0.85490196
v 5.47500000 1.00999998 0.60000000 0.92549020 0.90196078 0.85490196
v 5.47500000 0.53999998 0.60000000 0.92549020 0.90196078 0.85490196
v 5.22500000 0.53999998 0.60000000 0.92549020 0.90196078 0.85490196
v 5.22500000 1.00999998 3.35000000 0.92549020 0.90196078 0.85490196
v 5.47500000 1.00999998 3.35000000 0.92549020 0.90196078 0.85490196
v 5.47500000 0.53999998 3.35000000 0.92549020 0.90196078 0.85490196
v 5.22500000 0.53999998 3.35000000 0.92549020 0.90196078 0.85490196
v 5.22500000 -7.06000002 0.60000000 0.92549020 0.90196078 0.85490196
v 5.22500000 -4.64000002 0.60000000 0.92549020 0.90196078 0.85490196
v 5.47500000 -4.64000002 0.60000000 0.92549020 0.90196078 0.85490196
v 5.47500000 -7.06000002 0.60000000 0.92549020 0.90196078 0.85490196
v 5.22500000 -7.06000002 3.35000000 0.92549020 0.90196078 0.85490196
v 5.22500000 -4.64000002 3.35000000 0.92549020 0.90196078 0.85490196
v 5.47500000 -4.64000002 3.35000000 0.92549020 0.90196078 0.85490196
v 5.47500000 -7.06000002 3.35000000 0.92549020 0.90196078 0.85490196
v 5.47500000 4.23999998 0.60000000 0.92549020 0.90196078 0.85490196
v 5.22500000 4.23999998 0.60000000 0.92549020 0.90196078 0.85490196
v 5.22500000 7.35999998 0.60000000 0.92549020 0.90196078 0.85490196
v 5.47500000 7.35999998 0.60000000 0.92549020 0.90196078 0.85490196
v 5.47500000 4.23999998 3.35000000 0.92549020 0.90196078 0.85490196
v 5.22500000 4.23999998 3.35000000 0.92549020 0.90196078 0.85490196
v 5.22500000 7.35999998 3.35000000 0.92549020 0.90196078 0.85490196
v 5.47500000 7.35999998 3.35000000 0.92549020 0.90196078 0.85490196
v 5.47500000 3.73999998 0.60000000 0.92549020 0.90196078 0.85490196
v 5.22500000 3.73999998 0.60000000 0.92549020 0.90196078 0.85490196
v 5.22500000 3.85999998 0.60000000 0.92549020 0.90196078 0.85490196
v 5.47500000 3.85999998 0.60000000 0.92549020 0.90196078 0.85490196
v 5.47500000 3.73999998 3.35000000 0.92549020 0.90196078 0.85490196
v 5.22500000 3.73999998 3.35000000 0.92549020 0.90196078 0.85490196
v 5.22500000 3.85999998 3.35000000 0.92549020 0.90196078 0.85490196
v 5.47500000 3.85999998 3.35000000 0.92549020 0.90196078 0.85490196
v 5.47500000 -0.91000002 0.60000000 0.92549020 0.90196078 0.85490196
v 5.22500000 -0.91000002 0.60000000 0.92549020 0.90196078 0.85490196
v 5.22500000 0.15999998 0.60000000 0.92549020 0.90196078 0.85490196
v 5.47500000 0.15999998 0.60000000 0.92549020 0.90196078 0.85490196
v 5.47500000 -0.91000002 3.35000000 0.92549020 0.90196078 0.85490196
v 5.22500000 -0.91000002 3.35000000 0.92549020 0.90196078 0.85490196
v 5.22500000 0.15999998 3.35000000 0.92549020 0.90196078 0.85490196
v 5.47500000 0.15999998 3.35000000 0.92549020 0.90196078 0.85490196
v 5.47500000 -2.69000002 0.60000000 0.92549020 0.90196078 0.85490196
v 5.47500000 -3.76000002 0.60000000 0.92549020 0.90196078 0.85490196
v 5.22500000 -3.76000002 0.60000000 0.92549020 0.90196078 0.85490196
v 5.22500000 -2.69000002 0.60000000 0.92549020 0.90196078 0.85490196
v 5.47500000 -2.69000002 3.35000000 0.92549020 0.90196078 0.85490196
v 5.47500000 -3.76000002 3.35000000 0.92549020 0.90196078 0.85490196
v 5.22500000 -3.76000002 3.35000000 0.92549020 0.90196078 0.85490196
v 5.22500000 -2.69000002 3.35000000 0.92549020 0.90196078 0.85490196
v 1.62500000 -0.31000002 0.60000000 0.92549020 0.90196078 0.85490196
v 1.52500000 -0.31000002 0.60000000 0.92549020 0.90196078 0.85490196
v 1.52500000 0.85999998 0.60000000 0.92549020 0.90196078 0.85490196
v 1.62500000 0.85999998 0.60000000 0.92549020 0.90196078 0.85490196
v 1.62500000 0.39999998 0.60000000 0.92549020 0.90196078 0.85490196
v 5.08500000 0.39999998 0.60000000 0.92549020 0.90196078 0.85490196
v 5.08500000 0.29999998 0.60000000 0.92549020 0.90196078 0.85490196
v 1.62500000 0.29999998 0.60000000 0.92549020 0.90196078 0.85490196
v 1.62500000 -0.31000002 3.35000000 0.92549020 0.90196078 0.85490196
v 1.52500000 -0.31000002 3.35000000 0.92549020 0.90196078 0.85490196
v 1.52500000 0.85999998 3.35000000 0.92549020 0.90196078 0.85490196
v 1.62500000 0.85999998 3.35000000 0.92549020 0.90196078 0.85490196
v 1.62500000 0.39999998 3.35000000 0.92549020 0.90196078 0.85490196
v 5.08500000 0.39999998 3.35000000 0.92549020 0.90196078 0.85490196
v 5.08500000 0.29999998 3.35000000 0.92549020 0.90196078 0.85490196
v 1.62500000 0.29999998 3.35000000 0.92549020 0.90196078 0.85490196
v 3.51500000 3.99999998 0.60000000 0.92549020 0.90196078 0.85490196
v 3.51500000 4.09999998 0.60000000 0.92549020 0.90196078 0.85490196
v 5.08500000 4.09999998 0.60000000 0.92549020 0.90196078 0.85490196
v 5.08500000 3.99999998 0.60000000 0.92549020 0.90196078 0.85490196
v 3.51500000 3.99999998 3.35000000 0.92549020 0.90196078 0.85490196
v 3.51500000 4.09999998 3.35000000 0.92549020 0.90196078 0.85490196
v 5.08500000 4.09999998 3.35000000 0.92549020 0.90196078 0.85490196
v 5.08500000 3.99999998 3.35000000 0.92549020 0.90196078 0.85490196
v 1.96500000 2.59999998 0.60000000 0.92549020 0.90196078 0.85490196
v 2.32500000 2.59999998 0.60000000 0.92549020 0.90196078 0.85490196
v 2.32500000 3.95999998 0.60000000 0.92549020 0.90196078 0.85490196
v 2.42500000 3.95999998 0.60000000 0.92549020 0.90196078 0.85490196
v 2.42500000 2.59999998 0.60000000 0.92549020 0.90196078 0.85490196
v 5.03500000 2.59999998 0.60000000 0.92549020 0.90196078 0.85490196
v 5.03500000 2.49999998 0.60000000 0.92549020 0.90196078 0.85490196
v 1.96500000 2.49999998 0.60000000 0.92549020 0.90196078 0.85490196
v 1.96500000 2.59999998 3.35000000 0.92549020 0.90196078 0.85490196
v 2.32500000 2.59999998 3.35000000 0.92549020 0.90196078 0.85490196
v 2.32500000 3.95999998 3.35000000 0.92549020 0.90196078 0.85490196
v 2.42500000 3.95999998 3.35000000 0.92549020 0.90196078 0.85490196
v 2.42500000 2.59999998 3.35000000 0.92549020 0.90196078 0.85490196
v 5.03500000 2.59999998 3.35000000 0.92549020 0.90196078 0.85490196
v 5.03500000 2.49999998 3.35000000 0.92549020 0.90196078 0.85490196
v 1.96500000 2.49999998 3.35000000 0.92549020 0.90196078 0.85490196
v 3.71500000 -7.55000002 0.60000000 0.92549020 0.90196078 0.85490196
v 5.03500000 -7.55000002 0.60000000 0.92549020 0.90196078 0.85490196
v 5.03500000 -7.80000002 0.60000000 0.92549020 0.90196078 0.85490196
v 3.71500000 -7.80000002 0.60000000 0.92549020 0.90196078 0.85490196
v 3.71500000 -7.55000002 3.35000000 0.92549020 0.90196078 0.85490196
v 5.03500000 -7.55000002 3.35000000 0.92549020 0.90196078 0.85490196
v 5.03500000 -7.80000002 3.35000000 0.92549020 0.90196078 0.85490196
v 3.71500000 -7.80000002 3.35000000 0.92549020 0.90196078 0.85490196
v 1.73500000 -3.75000002 0.60000000 0.92549020 0.90196078 0.85490196
v 1.77500000 -3.75000002 0.60000000 0.92549020 0.90196078 0.85490196
v 1.77500000 -3.79000002 0.60000000 0.92549020 0.90196078 0.85490196
v 1.87500000 -3.79000002 0.60000000 0.92549020 0.90196078 0.85490196
v 1.87500000 -3.90000002 0.60000000 0.92549020 0.90196078 0.85490196
v 5.03500000 -3.90000002 0.60000000 0.92549020 0.90196078 0.85490196
v 5.03500000 -4.00000002 0.60000000 0.92549020 0.90196078 0.85490196
v 1.61500000 -4.00000002 0.60000000 0.92549020 0.90196078 0.85490196
v 1.61500000 -3.86000002 0.60000000 0.92549020 0.90196078 0.85490196
v 1.52500000 -3.86000002 0.60000000 0.92549020 0.90196078 0.85490196
v 1.52500000 -1.49000002 0.60000000 0.92549020 0.90196078 0.85490196
v 1.62500000 -1.49000002 0.60000000 0.92549020 0.90196078 0.85490196
v 1.62500000 -3.65000002 0.60000000 0.92549020 0.90196078 0.85490196
v 1.73500000 -3.65000002 0.60000000 0.92549020 0.90196078 0.85490196
v 1.73500000 -3.75000002 3.35000000 0.92549020 0.90196078 0.85490196
v 1.77500000 -3.75000002 3.35000000 0.92549020 0.90196078 0.85490196
v 1.77500000 -3.79000002 3.35000000 0.92549020 0.90196078 0.85490196
v 1.87500000 -3.79000002 3.35000000 0.92549020 0.90196078 0.85490196
v 1.87500000 -3.90000002 3.35000000 0.92549020 0.90196078 0.85490196
v 5.03500000 -3.90000002 3.35000000 0.92549020 0.90196078 0.85490196
v 5.03500000 -4.00000002 3.35000000 0.92549020 0.90196078 0.85490196
v 1.61500000 -4.00000002 3.35000000 0.92549020 0.90196078 0.85490196
v 1.61500000 -3.86000002 3.35000000 0.92549020 0.90196078 0.85490196
v 1.52500000 -3.86000002 3.35000000 0.92549020 0.90196078 0.85490196
v 1.52500000 -1.49000002 3.35000000 0.92549020 0.90196078 0.85490196
v 1.62500000 -1.49000002 3.35000000 0.92549020 0.90196078 0.85490196
v 1.62500000 -3.65000002 3.35000000 0.92549020 0.90196078 0.85490196
v 1.73500000 -3.65000002 3.35000000 0.92549020 0.90196078 0.85490196
v 4.73500000 7.54999998 0.60000000 0.92549020 0.90196078 0.85490196
v 4.16500000 7.54999998 0.60000000 0.92549020 0.90196078 0.85490196
v 4.16500000 7.79999998 0.60000000 0.92549020 0.90196078 0.85490196
v 4.73500000 7.79999998 0.60000000 0.92549020 0.90196078 0.85490196
v 4.73500000 7.54999998 3.35000000 0.92549020 0.90196078 0.85490196
v 4.16500000 7.54999998 3.35000000 0.92549020 0.90196078 0.85490196
v 4.16500000 7.79999998 3.35000000 0.92549020 0.90196078 0.85490196
v 4.73500000 7.79999998 3.35000000 0.92549020 0.90196078 0.85490196
v 1.93500000 -7.55000002 0.60000000 0.92549020 0.90196078 0.85490196
v 1.93500000 -7.80000002 0.60000000 0.92549020 0.90196078 0.85490196
v 1.06500000 -7.80000002 0.60000000 0.92549020 0.90196078 0.85490196
v 1.06500000 -7.55000002 0.60000000 0.92549020 0.90196078 0.85490196
v 1.93500000 -7.55000002 3.35000000 0.92549020 0.90196078 0.85490196
v 1.93500000 -7.80000002 3.35000000 0.92549020 0.90196078 0.85490196
v 1.06500000 -7.80000002 3.35000000 0.92549020 0.90196078 0.85490196
v 1.06500000 -7.55000002 3.35000000 0.92549020 0.90196078 0.85490196
v 1.38500000 7.54999998 0.60000000 0.92549020 0.90196078 0.85490196
v 0.81500000 7.54999998 0.60000000 0.92549020 0.90196078 0.85490196
v 0.81500000 7.79999998 0.60000000 0.92549020 0.90196078 0.85490196
v 1.38500000 7.79999998 0.60000000 0.92549020 0.90196078 0.85490196
v 1.38500000 7.54999998 3.35000000 0.92549020 0.90196078 0.85490196
v 0.81500000 7.54999998 3.35000000 0.92549020 0.90196078 0.85490196
v 0.81500000 7.79999998 3.35000000 0.92549020 0.90196078 0.85490196
v 1.38500000 7.79999998 3.35000000 0.92549020 0.90196078 0.85490196
v 0.42500000 -7.36000002 0.60000000 0.92549020 0.90196078 0.85490196
v 0.32500000 -7.36000002 0.60000000 0.92549020 0.90196078 0.85490196
v 0.32500000 -4.64000002 0.60000000 0.92549020 0.90196078 0.85490196
v 0.42500000 -4.64000002 0.60000000 0.92549020 0.90196078 0.85490196
v 0.42500000 -7.36000002 3.35000000 0.92549020 0.90196078 0.85490196
v 0.32500000 -7.36000002 3.35000000 0.92549020 0.90196078 0.85490196
v 0.32500000 -4.64000002 3.35000000 0.92549020 0.90196078 0.85490196
v 0.42500000 -4.64000002 3.35000000 0.92549020 0.90196078 0.85490196
v 0.22500000 -1.96000002 0.60000000 0.92549020 0.90196078 0.85490196
v 0.22500000 4.65999998 0.60000000 0.92549020 0.90196078 0.85490196
v 0.32500000 4.65999998 0.60000000 0.92549020 0.90196078 0.85490196
v 0.32500000 2.59999998 0.60000000 0.92549020 0.90196078 0.85490196
v 0.33500000 2.59999998 0.60000000 0.92549020 0.90196078 0.85490196
v 0.33500000 2.49999998 0.60000000 0.92549020 0.90196078 0.85490196
v 0.32500000 2.49999998 0.60000000 0.92549020 0.90196078 0.85490196
v 0.32500000 -1.96000002 0.60000000 0.92549020 0.90196078 0.85490196
v 0.22500000 -1.96000002 3.35000000 0.92549020 0.90196078 0.85490196
v 0.22500000 4.65999998 3.35000000 0.92549020 0.90196078 0.85490196
v 0.32500000 4.65999998 3.35000000 0.92549020 0.90196078 0.85490196
v 0.32500000 2.59999998 3.35000000 0.92549020 0.90196078 0.85490196
v 0.33500000 2.59999998 3.35000000 0.92549020 0.90196078 0.85490196
v 0.33500000 2.49999998 3.35000000 0.92549020 0.90196078 0.85490196
v 0.32500000 2.49999998 3.35000000 0.92549020 0.90196078 0.85490196
v 0.32500000 -1.96000002 3.35000000 0.92549020 0.90196078 0.85490196
v 0.07500000 5.23999998 0.60000000 0.92549020 0.90196078 0.85490196
v 0.07500000 7.35999998 0.60000000 0.92549020 0.90196078 0.85490196
v 0.32500000 7.35999998 0.60000000 0.92549020 0.90196078 0.85490196
v 0.32500000 5.23999998 0.60000000 0.92549020 0.90196078 0.85490196
v 0.07500000 5.23999998 3.35000000 0.92549020 0.90196078 0.85490196
v 0.07500000 7.35999998 3.35000000 0.92549020 0.90196078 0.85490196
v 0.32500000 7.35999998 3.35000000 0.92549020 0.90196078 0.85490196
v 0.32500000 5.23999998 3.35000000 0.92549020 0.90196078 0.85490196
v 0.18500000 -7.80000002 0.60000000 0.92549020 0.90196078 0.85490196
v 0.11500000 -7.80000002 0.60000000 0.92549020 0.90196078 0.85490196
v 0.11500000 -7.55000002 0.60000000 0.92549020 0.90196078 0.85490196
v 0.18500000 -7.55000002 0.60000000 0.92549020 0.90196078 0.85490196
v 0.18500000 -7.80000002 3.35000000 0.92549020 0.90196078 0.85490196
v 0.11500000 -7.80000002 3.35000000 0.92549020 0.90196078 0.85490196
v 0.11500000 -7.55000002 3.35000000 0.92549020 0.90196078 0.85490196
v 0.18500000 -7.55000002 3.35000000 0.92549020 0.90196078 0.85490196
v -1.58500000 -2.70000002 0.60000000 0.92549020 0.90196078 0.85490196
v -1.58500000 -2.60000002 0.60000000 0.92549020 0.90196078 0.85490196
v -0.11500000 -2.60000002 0.60000000 0.92549020 0.90196078 0.85490196
v -0.11500000 -2.70000002 0.60000000 0.92549020 0.90196078 0.85490196
v -1.58500000 -2.70000002 3.35000000 0.92549020 0.90196078 0.85490196
v -1.58500000 -2.60000002 3.35000000 0.92549020 0.90196078 0.85490196
v -0.11500000 -2.60000002 3.35000000 0.92549020 0.90196078 0.85490196
v -0.11500000 -2.70000002 3.35000000 0.92549020 0.90196078 0.85490196
v -0.71500000 -5.70000002 0.60000000 0.92549020 0.90196078 0.85490196
v -0.71500000 -5.80000002 0.60000000 0.92549020 0.90196078 0.85490196
v -0.97500000 -5.80000002 0.60000000 0.92549020 0.90196078 0.85490196
v -0.97500000 -7.41000002 0.60000000 0.92549020 0.90196078 0.85490196
v -1.07500000 -7.41000002 0.60000000 0.92549020 0.90196078 0.85490196
v -1.07500000 -4.55000002 0.60000000 0.92549020 0.90196078 0.85490196
v -1.61000000 -4.55000002 0.60000000 0.92549020 0.90196078 0.85490196
v -1.61000000 -4.45000002 0.60000000 0.92549020 0.90196078 0.85490196
v -1.07500000 -4.45000002 0.60000000 0.92549020 0.90196078 0.85490196
v -1.07500000 -4.04000002 0.60000000 0.92549020 0.90196078 0.85490196
v -0.97500000 -4.04000002 0.60000000 0.92549020 0.90196078 0.85490196
v -0.97500000 -5.70000002 0.60000000 0.92549020 0.90196078 0.85490196
v -0.71500000 -5.70000002 3.35000000 0.92549020 0.90196078 0.85490196
v -0.71500000 -5.80000002 3.35000000 0.92549020 0.90196078 0.85490196
v -0.97500000 -5.80000002 3.35000000 0.92549020 0.90196078 0.85490196
v -0.97500000 -7.41000002 3.35000000 0.92549020 0.90196078 0.85490196
v -1.07500000 -7.41000002 3.35000000 0.92549020 0.90196078 0.85490196
v -1.07500000 -4.55000002 3.35000000 0.92549020 0.90196078 0.85490196
v -1.61000000 -4.55000002 3.35000000 0.92549020 0.90196078 0.85490196
v -1.61000000 -4.45000002 3.35000000 0.92549020 0.90196078 0.85490196
v -1.07500000 -4.45000002 3.35000000 0.92549020 0.90196078 0.85490196
v -1.07500000 -4.04000002 3.35000000 0.92549020 0.90196078 0.85490196
v -0.97500000 -4.04000002 3.35000000 0.92549020 0.90196078 0.85490196
v -0.97500000 -5.70000002 3.35000000 0.92549020 0.90196078 0.85490196
v -0.71500000 -3.90000002 0.60000000 0.92549020 0.90196078 0.85490196
v -0.71500000 -4.00000002 0.60000000 0.92549020 0.90196078 0.85490196
v -0.93500000 -4.00000002 0.60000000 0.92549020 0.90196078 0.85490196
v -0.93500000 -3.90000002 0.60000000 0.92549020 0.90196078 0.85490196
v -0.71500000 -3.90000002 3.35000000 0.92549020 0.90196078 0.85490196
v -0.71500000 -4.00000002 3.35000000 0.92549020 0.90196078 0.85490196
v -0.93500000 -4.00000002 3.35000000 0.92549020 0.90196078 0.85490196
v -0.93500000 -3.90000002 3.35000000 0.92549020 0.90196078 0.85490196
v -0.76500000 -7.80000002 0.60000000 0.92549020 0.90196078 0.85490196
v -0.83500000 -7.80000002 0.60000000 0.92549020 0.90196078 0.85490196
v -0.83500000 -7.55000002 0.60000000 0.92549020 0.90196078 0.85490196
v -0.76500000 -7.55000002 0.60000000 0.92549020 0.90196078 0.85490196
v -0.76500000 -7.80000002 3.35000000 0.92549020 0.90196078 0.85490196
v -0.83500000 -7.80000002 3.35000000 0.92549020 0.90196078 0.85490196
v -0.83500000 -7.55000002 3.35000000 0.92549020 0.90196078 0.85490196
v -0.76500000 -7.55000002 3.35000000 0.92549020 0.90196078 0.85490196
v -1.66000000 -7.80000002 0.60000000 0.92549020 0.90196078 0.85490196
v -1.66000000 -7.55000002 0.60000000 0.92549020 0.90196078 0.85490196
v -1.21500000 -7.55000002 0.60000000 0.92549020 0.90196078 0.85490196
v -1.21500000 -7.80000002 0.60000000 0.92549020 0.90196078 0.85490196
v -1.66000000 -7.80000002 3.35000000 0.92549020 0.90196078 0.85490196
v -1.66000000 -7.55000002 3.35000000 0.92549020 0.90196078 0.85490196
v -1.21500000 -7.55000002 3.35000000 0.92549020 0.90196078 0.85490196
v -1.21500000 -7.80000002 3.35000000 0.92549020 0.90196078 0.85490196
v -2.54000000 -7.55000002 0.60000000 0.92549020 0.90196078 0.85490196
v -2.54000000 -7.80000002 0.60000000 0.92549020 0.90196078 0.85490196
v -2.63500000 -7.80000002 0.60000000 0.92549020 0.90196078 0.85490196
v -2.63500000 -7.55000002 0.60000000 0.92549020 0.90196078 0.85490196
v -2.54000000 -7.55000002 3.35000000 0.92549020 0.90196078 0.85490196
v -2.54000000 -7.80000002 3.35000000 0.92549020 0.90196078 0.85490196
v -2.63500000 -7.80000002 3.35000000 0.92549020 0.90196078 0.85490196
v -2.63500000 -7.55000002 3.35000000 0.92549020 0.90196078 0.85490196
v -3.22500000 -4.91000002 0.60000000 0.92549020 0.90196078 0.85490196
v -3.22500000 -4.59000002 0.60000000 0.92549020 0.90196078 0.85490196
v -3.12500000 -4.59000002 0.60000000 0.92549020 0.90196078 0.85490196
v -3.12500000 -4.91000002 0.60000000 0.92549020 0.90196078 0.85490196
v -3.22500000 -4.91000002 3.35000000 0.92549020 0.90196078 0.85490196
v -3.22500000 -4.59000002 3.35000000 0.92549020 0.90196078 0.85490196
v -3.12500000 -4.59000002 3.35000000 0.92549020 0.90196078 0.85490196
v -3.12500000 -4.91000002 3.35000000 0.92549020 0.90196078 0.85490196
v -2.69000000 -4.45000002 0.60000000 0.92549020 0.90196078 0.85490196
v -2.69000000 -4.55000002 0.60000000 0.92549020 0.90196078 0.85490196
v -3.08500000 -4.55000002 0.60000000 0.92549020 0.90196078 0.85490196
v -3.08500000 -4.45000002 0.60000000 0.92549020 0.90196078 0.85490196
v -2.69000000 -4.45000002 3.35000000 0.92549020 0.90196078 0.85490196
v -2.69000000 -4.55000002 3.35000000 0.92549020 0.90196078 0.85490196
v -3.08500000 -4.55000002 3.35000000 0.92549020 0.90196078 0.85490196
v -3.08500000 -4.45000002 3.35000000 0.92549020 0.90196078 0.85490196
v -3.65858620 -2.59000002 0.60000000 0.92549020 0.90196078 0.85490196
v -3.65858620 -2.45000002 0.60000000 0.92549020 0.90196078 0.85490196
v -3.64858620 -2.45000002 0.60000000 0.92549020 0.90196078 0.85490196
v -3.64858620 -2.60000002 0.60000000 0.92549020 0.90196078 0.85490196
v -2.86500000 -2.60000002 0.60000000 0.92549020 0.90196078 0.85490196
v -2.86500000 -2.70000002 0.60000000 0.92549020 0.90196078 0.85490196
v -5.03500000 -2.70000002 0.60000000 0.92549020 0.90196078 0.85490196
v -5.03500000 -2.60000002 0.60000000 0.92549020 0.90196078 0.85490196
v -3.79858620 -2.60000002 0.60000000 0.92549020 0.90196078 0.85490196
v -3.79858620 -2.59000002 0.60000000 0.92549020 0.90196078 0.85490196
v -3.65858620 -2.59000002 3.35000000 0.92549020 0.90196078 0.85490196
v -3.65858620 -2.45000002 3.35000000 0.92549020 0.90196078 0.85490196
v -3.64858620 -2.45000002 3.35000000 0.92549020 0.90196078 0.85490196
v -3.64858620 -2.60000002 3.35000000 0.92549020 0.90196078 0.85490196
v -2.86500000 -2.60000002 3.35000000 0.92549020 0.90196078 0.85490196
v -2.86500000 -2.70000002 3.35000000 0.92549020 0.90196078 0.85490196
v -5.03500000 -2.70000002 3.35000000 0.92549020 0.90196078 0.85490196
v -5.03500000 -2.60000002 3.35000000 0.92549020 0.90196078 0.85490196
v -3.79858620 -2.60000002 3.35000000 0.92549020 0.90196078 0.85490196
v -3.79858620 -2.59000002 3.35000000 0.92549020 0.90196078 0.85490196
v -3.37500000 -7.36000002 0.60000000 0.92549020 0.90196078 0.85490196
v -3.37500000 -5.79000002 0.60000000 0.92549020 0.90196078 0.85490196
v -3.12500000 -5.79000002 0.60000000 0.92549020 0.90196078 0.85490196
v -3.12500000 -7.36000002 0.60000000 0.92549020 0.90196078 0.85490196
v -3.37500000 -7.36000002 3.35000000 0.92549020 0.90196078 0.85490196
v -3.37500000 -5.79000002 3.35000000 0.92549020 0.90196078 0.85490196
v -3.12500000 -5.79000002 3.35000000 0.92549020 0.90196078 0.85490196
v -3.12500000 -7.36000002 3.35000000 0.92549020 0.90196078 0.85490196
v -4.64000000 5.04999998 0.60000000 0.92549020 0.90196078 0.85490196
v -4.64000000 4.79999998 0.60000000 0.92549020 0.90196078 0.85490196
v -5.03500000 4.79999998 0.60000000 0.92549020 0.90196078 0.85490196
v -5.03500000 5.04999998 0.60000000 0.92549020 0.90196078 0.85490196
v -4.64000000 5.04999998 3.35000000 0.92549020 0.90196078 0.85490196
v -4.64000000 4.79999998 3.35000000 0.92549020 0.90196078 0.85490196
v -5.03500000 4.79999998 3.35000000 0.92549020 0.90196078 0.85490196
v -5.03500000 5.04999998 3.35000000 0.92549020 0.90196078 0.85490196
v -4.66500000 -5.05000002 0.60000000 0.92549020 0.90196078 0.85490196
v -4.66500000 -5.30000002 0.60000000 0.92549020 0.90196078 0.85490196
v -5.03500000 -5.30000002 0.60000000 0.92549020 0.90196078 0.85490196
v -5.03500000 -5.05000002 0.60000000 0.92549020 0.90196078 0.85490196
v -4.66500000 -5.05000002 3.35000000 0.92549020 0.90196078 0.85490196
v -4.66500000 -5.30000002 3.35000000 0.92549020 0.90196078 0.85490196
v -5.03500000 -5.30000002 3.35000000 0.92549020 0.90196078 0.85490196
v -5.03500000 -5.05000002 3.35000000 0.92549020 0.90196078 0.85490196
v -5.22500000 0.03999998 0.60000000 0.92549020 0.90196078 0.85490196
v -5.47500000 0.03999998 0.60000000 0.92549020 0.90196078 0.85490196
v -5.47500000 4.30999998 0.60000000 0.92549020 0.90196078 0.85490196
v -5.22500000 4.30999998 0.60000000 0.92549020 0.90196078 0.85490196
v -5.22500000 0.03999998 3.35000000 0.92549020 0.90196078 0.85490196
v -5.47500000 0.03999998 3.35000000 0.92549020 0.90196078 0.85490196
v -5.47500000 4.30999998 3.35000000 0.92549020 0.90196078 0.85490196
v -5.22500000 4.30999998 3.35000000 0.92549020 0.90196078 0.85490196
v -5.47500000 -1.49000002 0.60000000 0.92549020 0.90196078 0.85490196
v -5.22500000 -1.49000002 0.60000000 0.92549020 0.90196078 0.85490196
v -5.22500000 -1.96000002 0.60000000 0.92549020 0.90196078 0.85490196
v -5.47500000 -1.96000002 0.60000000 0.92549020 0.90196078 0.85490196
v -5.47500000 -1.49000002 3.35000000 0.92549020 0.90196078 0.85490196
v -5.22500000 -1.49000002 3.35000000 0.92549020 0.90196078 0.85490196
v -5.22500000 -1.96000002 3.35000000 0.92549020 0.90196078 0.85490196
v -5.47500000 -1.96000002 3.35000000 0.92549020 0.90196078 0.85490196
v -5.47500000 -4.56000002 0.60000000 0.92549020 0.90196078 0.85490196
v -5.47500000 -2.84000002 0.60000000 0.92549020 0.90196078 0.85490196
v -5.22500000 -2.84000002 0.60000000 0.92549020 0.90196078 0.85490196
v -5.22500000 -4.56000002 0.60000000 0.92549020 0.90196078 0.85490196
v -5.47500000 -4.56000002 3.35000000 0.92549020 0.90196078 0.85490196
v -5.47500000 -2.84000002 3.35000000 0.92549020 0.90196078 0.85490196
v -5.22500000 -2.84000002 3.35000000 0.92549020 0.90196078 0.85490196
v -5.22500000 -4.56000002 3.35000000 0.92549020 0.90196078 0.85490196
v -0.50000000 4.80000002 2.80000000 0.92549020 0.90196078 0.85490196
v -0.50000000 5.05000002 2.80000000 0.92549020 0.90196078 0.85490196
v -4.50000000 5.05000002 2.80000000 0.92549020 0.90196078 0.85490196
v -4.50000000 4.80000002 2.80000000 0.92549020 0.90196078 0.85490196
v -0.50000000 4.80000002 3.35000000 0.92549020 0.90196078 0.85490196
v -0.50000000 5.05000002 3.35000000 0.92549020 0.90196078 0.85490196
v -4.50000000 5.05000002 3.35000000 0.92549020 0.90196078 0.85490196
v -4.50000000 4.80000002 3.35000000 0.92549020 0.90196078 0.85490196
v 4.02500000 7.55000002 2.80000000 0.92549020 0.90196078 0.85490196
v 4.02500000 7.80000002 2.80000000 0.92549020 0.90196078 0.85490196
v 1.52500000 7.80000002 2.80000000 0.92549020 0.90196078 0.85490196
v 1.52500000 7.55000002 2.80000000 0.92549020 0.90196078 0.85490196
v 4.02500000 7.55000002 3.35000000 0.92549020 0.90196078 0.85490196
v 4.02500000 7.80000002 3.35000000 0.92549020 0.90196078 0.85490196
v 1.52500000 7.80000002 3.35000000 0.92549020 0.90196078 0.85490196
v 1.52500000 7.55000002 3.35000000 0.92549020 0.90196078 0.85490196
v 3.57500000 -7.79999998 2.80000000 0.92549020 0.90196078 0.85490196
v 3.57500000 -7.54999998 2.80000000 0.92549020 0.90196078 0.85490196
v 2.07500000 -7.54999998 2.80000000 0.92549020 0.90196078 0.85490196
v 2.07500000 -7.79999998 2.80000000 0.92549020 0.90196078 0.85490196
v 3.57500000 -7.79999998 3.35000000 0.92549020 0.90196078 0.85490196
v 3.57500000 -7.54999998 3.35000000 0.92549020 0.90196078 0.85490196
v 2.07500000 -7.54999998 3.35000000 0.92549020 0.90196078 0.85490196
v 2.07500000 -7.79999998 3.35000000 0.92549020 0.90196078 0.85490196
v 3.57500000 -7.79999998 0.60000000 0.92549020 0.90196078 0.85490196
v 3.57500000 -7.54999998 0.60000000 0.92549020 0.90196078 0.85490196
v 2.07500000 -7.54999998 0.60000000 0.92549020 0.90196078 0.85490196
v 2.07500000 -7.79999998 0.60000000 0.92549020 0.90196078 0.85490196
v 3.57500000 -7.79999998 1.30000000 0.92549020 0.90196078 0.85490196
v 3.57500000 -7.54999998 1.30000000 0.92549020 0.90196078 0.85490196
v 2.07500000 -7.54999998 1.30000000 0.92549020 0.90196078 0.85490196
v 2.07500000 -7.79999998 1.30000000 0.92549020 0.90196078 0.85490196
v 5.47500000 -2.54999998 2.80000000 0.92549020 0.90196078 0.85490196
v 5.47500000 -1.04999998 2.80000000 0.92549020 0.90196078 0.85490196
v 5.22500000 -1.04999998 2.80000000 0.92549020 0.90196078 0.85490196
v 5.22500000 -2.54999998 2.80000000 0.92549020 0.90196078 0.85490196
v 5.47500000 -2.54999998 3.35000000 0.92549020 0.90196078 0.85490196
v 5.47500000 -1.04999998 3.35000000 0.92549020 0.90196078 0.85490196
v 5.22500000 -1.04999998 3.35000000 0.92549020 0.90196078 0.85490196
v 5.22500000 -2.54999998 3.35000000 0.92549020 0.90196078 0.85490196
v 5.47500000 -2.54999998 0.60000000 0.92549020 0.90196078 0.85490196
v 5.47500000 -1.04999998 0.60000000 0.92549020 0.90196078 0.85490196
v 5.22500000 -1.04999998 0.60000000 0.92549020 0.90196078 0.85490196
v 5.22500000 -2.54999998 0.60000000 0.92549020 0.90196078 0.85490196
v 5.47500000 -2.54999998 1.30000000 0.92549020 0.90196078 0.85490196
v 5.47500000 -1.04999998 1.30000000 0.92549020 0.90196078 0.85490196
v 5.22500000 -1.04999998 1.30000000 0.92549020 0.90196078 0.85490196
v 5.22500000 -2.54999998 1.30000000 0.92549020 0.90196078 0.85490196
v -5.22500000 -1.34999998 2.80000000 0.92549020 0.90196078 0.85490196
v -5.22500000 -0.09999998 2.80000000 0.92549020 0.90196078 0.85490196
v -5.47500000 -0.09999998 2.80000000 0.92549020 0.90196078 0.85490196
v -5.47500000 -1.34999998 2.80000000 0.92549020 0.90196078 0.85490196
v -5.22500000 -1.34999998 3.35000000 0.92549020 0.90196078 0.85490196
v -5.22500000 -0.09999998 3.35000000 0.92549020 0.90196078 0.85490196
v -5.47500000 -0.09999998 3.35000000 0.92549020 0.90196078 0.85490196
v -5.47500000 -1.34999998 3.35000000 0.92549020 0.90196078 0.85490196
v -5.22500000 -1.34999998 0.60000000 0.92549020 0.90196078 0.85490196
v -5.22500000 -0.09999998 0.60000000 0.92549020 0.90196078 0.85490196
v -5.47500000 -0.09999998 0.60000000 0.92549020 0.90196078 0.85490196
v -5.47500000 -1.34999998 0.60000000 0.92549020 0.90196078 0.85490196
v -5.22500000 -1.34999998 1.30000000 0.92549020 0.90196078 0.85490196
v -5.22500000 -0.09999998 1.30000000 0.92549020 0.90196078 0.85490196
v -5.47500000 -0.09999998 1.30000000 0.92549020 0.90196078 0.85490196
v -5.47500000 -1.34999998 1.30000000 0.92549020 0.90196078 0.85490196
v -3.52500000 -5.29999998 2.70000000 0.92549020 0.90196078 0.85490196
v -3.52500000 -5.04999998 2.70000000 0.92549020 0.90196078 0.85490196
v -4.52500000 -5.04999998 2.70000000 0.92549020 0.90196078 0.85490196
v -4.52500000 -5.29999998 2.70000000 0.92549020 0.90196078 0.85490196
v -3.52500000 -5.29999998 3.35000000 0.92549020 0.90196078 0.85490196
v -3.52500000 -5.04999998 3.35000000 0.92549020 0.90196078 0.85490196
v -4.52500000 -5.04999998 3.35000000 0.92549020 0.90196078 0.85490196
v -4.52500000 -5.29999998 3.35000000 0.92549020 0.90196078 0.85490196
v 5.47500000 3.00000002 2.80000000 0.92549020 0.90196078 0.85490196
v 5.47500000 3.60000002 2.80000000 0.92549020 0.90196078 0.85490196
v 5.22500000 3.60000002 2.80000000 0.92549020 0.90196078 0.85490196
v 5.22500000 3.00000002 2.80000000 0.92549020 0.90196078 0.85490196
v 5.47500000 3.00000002 3.35000000 0.92549020 0.90196078 0.85490196
v 5.47500000 3.60000002 3.35000000 0.92549020 0.90196078 0.85490196
v 5.22500000 3.60000002 3.35000000 0.92549020 0.90196078 0.85490196
v 5.22500000 3.00000002 3.35000000 0.92549020 0.90196078 0.85490196
v 5.47500000 3.00000002 0.60000000 0.92549020 0.90196078 0.85490196
v 5.47500000 3.60000002 0.60000000 0.92549020 0.90196078 0.85490196
v 5.22500000 3.60000002 0.60000000 0.92549020 0.90196078 0.85490196
v 5.22500000 3.00000002 0.60000000 0.92549020 0.90196078 0.85490196
v 5.47500000 3.00000002 2.20000000 0.92549020 0.90196078 0.85490196
v 5.47500000 3.60000002 2.20000000 0.92549020 0.90196078 0.85490196
v 5.22500000 3.60000002 2.20000000 0.92549020 0.90196078 0.85490196
v 5.22500000 3.00000002 2.20000000 0.92549020 0.90196078 0.85490196
v 5.47500000 1.15000002 2.80000000 0.92549020 0.90196078 0.85490196
v 5.47500000 1.75000002 2.80000000 0.92549020 0.90196078 0.85490196
v 5.22500000 1.75000002 2.80000000 0.92549020 0.90196078 0.85490196
v 5.22500000 1.15000002 2.80000000 0.92549020 0.90196078 0.85490196
v 5.47500000 1.15000002 3.35000000 0.92549020 0.90196078 0.85490196
v 5.47500000 1.75000002 3.35000000 0.92549020 0.90196078 0.85490196
v 5.22500000 1.75000002 3.35000000 0.92549020 0.90196078 0.85490196
v 5.22500000 1.15000002 3.35000000 0.92549020 0.90196078 0.85490196
v 5.47500000 1.15000002 0.60000000 0.92549020 0.90196078 0.85490196
v 5.47500000 1.75000002 0.60000000 0.92549020 0.90196078 0.85490196
v 5.22500000 1.75000002 0.60000000 0.92549020 0.90196078 0.85490196
v 5.22500000 1.15000002 0.60000000 0.92549020 0.90196078 0.85490196
v 5.47500000 1.15000002 2.20000000 0.92549020 0.90196078 0.85490196
v 5.47500000 1.75000002 2.20000000 0.92549020 0.90196078 0.85490196
v 5.22500000 1.75000002 2.20000000 0.92549020 0.90196078 0.85490196
v 5.22500000 1.15000002 2.20000000 0.92549020 0.90196078 0.85490196
v -0.02500000 -7.79999998 2.80000000 0.92549020 0.90196078 0.85490196
v -0.02500000 -7.54999998 2.80000000 0.92549020 0.90196078 0.85490196
v -0.62500000 -7.54999998 2.80000000 0.92549020 0.90196078 0.85490196
v -0.62500000 -7.79999998 2.80000000 0.92549020 0.90196078 0.85490196
v -0.02500000 -7.79999998 3.35000000 0.92549020 0.90196078 0.85490196
v -0.02500000 -7.54999998 3.35000000 0.92549020 0.90196078 0.85490196
v -0.62500000 -7.54999998 3.35000000 0.92549020 0.90196078 0.85490196
v -0.62500000 -7.79999998 3.35000000 0.92549020 0.90196078 0.85490196
v -0.02500000 -7.79999998 0.60000000 0.92549020 0.90196078 0.85490196
v -0.02500000 -7.54999998 0.60000000 0.92549020 0.90196078 0.85490196
v -0.62500000 -7.54999998 0.60000000 0.92549020 0.90196078 0.85490196
v -0.62500000 -7.79999998 0.60000000 0.92549020 0.90196078 0.85490196
v -0.02500000 -7.79999998 2.20000000 0.92549020 0.90196078 0.85490196
v -0.02500000 -7.54999998 2.20000000 0.92549020 0.90196078 0.85490196
v -0.62500000 -7.54999998 2.20000000 0.92549020 0.90196078 0.85490196
v -0.62500000 -7.79999998 2.20000000 0.92549020 0.90196078 0.85490196
v -1.80000000 -7.79999998 2.80000000 0.92549020 0.90196078 0.85490196
v -1.80000000 -7.54999998 2.80000000 0.92549020 0.90196078 0.85490196
v -2.40000000 -7.54999998 2.80000000 0.92549020 0.90196078 0.85490196
v -2.40000000 -7.79999998 2.80000000 0.92549020 0.90196078 0.85490196
v -1.80000000 -7.79999998 3.35000000 0.92549020 0.90196078 0.85490196
v -1.80000000 -7.54999998 3.35000000 0.92549020 0.90196078 0.85490196
v -2.40000000 -7.54999998 3.35000000 0.92549020 0.90196078 0.85490196
v -2.40000000 -7.79999998 3.35000000 0.92549020 0.90196078 0.85490196
v -1.80000000 -7.79999998 0.60000000 0.92549020 0.90196078 0.85490196
v -1.80000000 -7.54999998 0.60000000 0.92549020 0.90196078 0.85490196
v -2.40000000 -7.54999998 0.60000000 0.92549020 0.90196078 0.85490196
v -2.40000000 -7.79999998 0.60000000 0.92549020 0.90196078 0.85490196
v -1.80000000 -7.79999998 2.20000000 0.92549020 0.90196078 0.85490196
v -1.80000000 -7.54999998 2.20000000 0.92549020 0.90196078 0.85490196
v -2.40000000 -7.54999998 2.20000000 0.92549020 0.90196078 0.85490196
v -2.40000000 -7.79999998 2.20000000 0.92549020 0.90196078 0.85490196
v -1.72500000 -2.69999998 2.70000000 0.92549020 0.90196078 0.85490196
v -1.72500000 -2.59999998 2.70000000 0.92549020 0.90196078 0.85490196
v -2.72500000 -2.59999998 2.70000000 0.92549020 0.90196078 0.85490196
v -2.72500000 -2.69999998 2.70000000 0.92549020 0.90196078 0.85490196
v -1.72500000 -2.69999998 3.35000000 0.92549020 0.90196078 0.85490196
v -1.72500000 -2.59999998 3.35000000 0.92549020 0.90196078 0.85490196
v -2.72500000 -2.59999998 3.35000000 0.92549020 0.90196078 0.85490196
v -2.72500000 -2.69999998 3.35000000 0.92549020 0.90196078 0.85490196
v 1.47500000 -3.99999998 2.70000000 0.92549020 0.90196078 0.85490196
v 1.47500000 -3.89999998 2.70000000 0.92549020 0.90196078 0.85490196
v 0.57500000 -3.89999998 2.70000000 0.92549020 0.90196078 0.85490196
v 0.57500000 -3.99999998 2.70000000 0.92549020 0.90196078 0.85490196
v 1.47500000 -3.99999998 3.35000000 0.92549020 0.90196078 0.85490196
v 1.47500000 -3.89999998 3.35000000 0.92549020 0.90196078 0.85490196
v 0.57500000 -3.89999998 3.35000000 0.92549020 0.90196078 0.85490196
v 0.57500000 -3.99999998 3.35000000 0.92549020 0.90196078 0.85490196
v 1.37500000 2.50000002 2.70000000 0.92549020 0.90196078 0.85490196
v 1.37500000 2.60000002 2.70000000 0.92549020 0.90196078 0.85490196
v 0.47500000 2.60000002 2.70000000 0.92549020 0.90196078 0.85490196
v 0.47500000 2.50000002 2.70000000 0.92549020 0.90196078 0.85490196
v 1.37500000 2.50000002 3.35000000 0.92549020 0.90196078 0.85490196
v 1.37500000 2.60000002 3.35000000 0.92549020 0.90196078 0.85490196
v 0.47500000 2.60000002 3.35000000 0.92549020 0.90196078 0.85490196
v 0.47500000 2.50000002 3.35000000 0.92549020 0.90196078 0.85490196
v 1.62500000 -1.34999998 2.70000000 0.92549020 0.90196078 0.85490196
v 1.62500000 -0.44999998 2.70000000 0.92549020 0.90196078 0.85490196
v 1.52500000 -0.44999998 2.70000000 0.92549020 0.90196078 0.85490196
v 1.52500000 -1.34999998 2.70000000 0.92549020 0.90196078 0.85490196
v 1.62500000 -1.34999998 3.35000000 0.92549020 0.90196078 0.85490196
v 1.62500000 -0.44999998 3.35000000 0.92549020 0.90196078 0.85490196
v 1.52500000 -0.44999998 3.35000000 0.92549020 0.90196078 0.85490196
v 1.52500000 -1.34999998 3.35000000 0.92549020 0.90196078 0.85490196
v 1.62500000 1.00000002 2.70000000 0.92549020 0.90196078 0.85490196
v 1.62500000 1.90000002 2.70000000 0.92549020 0.90196078 0.85490196
v 1.52500000 1.90000002 2.70000000 0.92549020 0.90196078 0.85490196
v 1.52500000 1.00000002 2.70000000 0.92549020 0.90196078 0.85490196
v 1.62500000 1.00000002 3.35000000 0.92549020 0.90196078 0.85490196
v 1.62500000 1.90000002 3.35000000 0.92549020 0.90196078 0.85490196
v 1.52500000 1.90000002 3.35000000 0.92549020 0.90196078 0.85490196
v 1.52500000 1.00000002 3.35000000 0.92549020 0.90196078 0.85490196
v 3.37500000 4.00000002 2.70000000 0.92549020 0.90196078 0.85490196
v 3.37500000 4.10000002 2.70000000 0.92549020 0.90196078 0.85490196
v 2.57500000 4.10000002 2.70000000 0.92549020 0.90196078 0.85490196
v 2.57500000 4.00000002 2.70000000 0.92549020 0.90196078 0.85490196
v 3.37500000 4.00000002 3.35000000 0.92549020 0.90196078 0.85490196
v 3.37500000 4.10000002 3.35000000 0.92549020 0.90196078 0.85490196
v 2.57500000 4.10000002 3.35000000 0.92549020 0.90196078 0.85490196
v 2.57500000 4.00000002 3.35000000 0.92549020 0.90196078 0.85490196
v -1.75000000 -4.54999998 2.70000000 0.92549020 0.90196078 0.85490196
v -1.75000000 -4.44999998 2.70000000 0.92549020 0.90196078 0.85490196
v -2.55000000 -4.44999998 2.70000000 0.92549020 0.90196078 0.85490196
v -2.55000000 -4.54999998 2.70000000 0.92549020 0.90196078 0.85490196
v -1.75000000 -4.54999998 3.35000000 0.92549020 0.90196078 0.85490196
v -1.75000000 -4.44999998 3.35000000 0.92549020 0.90196078 0.85490196
v -2.55000000 -4.44999998 3.35000000 0.92549020 0.90196078 0.85490196
v -2.55000000 -4.54999998 3.35000000 0.92549020 0.90196078 0.85490196
v 0.22500000 -3.99999998 2.70000000 0.92549020 0.90196078 0.85490196
v 0.22500000 -3.89999998 2.70000000 0.92549020 0.90196078 0.85490196
v -0.57500000 -3.89999998 2.70000000 0.92549020 0.90196078 0.85490196
v -0.57500000 -3.99999998 2.70000000 0.92549020 0.90196078 0.85490196
v 0.22500000 -3.99999998 3.35000000 0.92549020 0.90196078 0.85490196
v 0.22500000 -3.89999998 3.35000000 0.92549020 0.90196078 0.85490196
v -0.57500000 -3.89999998 3.35000000 0.92549020 0.90196078 0.85490196
v -0.57500000 -3.99999998 3.35000000 0.92549020 0.90196078 0.85490196
v 0.22500000 -5.79999998 2.70000000 0.92549020 0.90196078 0.85490196
v 0.22500000 -5.69999998 2.70000000 0.92549020 0.90196078 0.85490196
v -0.57500000 -5.69999998 2.70000000 0.92549020 0.90196078 0.85490196
v -0.57500000 -5.79999998 2.70000000 0.92549020 0.90196078 0.85490196
v 0.22500000 -5.79999998 3.35000000 0.92549020 0.90196078 0.85490196
v 0.22500000 -5.69999998 3.35000000 0.92549020 0.90196078 0.85490196
v -0.57500000 -5.69999998 3.35000000 0.92549020 0.90196078 0.85490196
v -0.57500000 -5.79999998 3.35000000 0.92549020 0.90196078 0.85490196
f 111 112 109
f 110 111 109
f 113 116 115
f 113 115 114
f 113 114 109
f 109 114 110
f 114 115 110
f 110 115 111
f 116 113 112
f 112 113 109
f 115 116 111
f 111 116 112
f 119 120 117
f 118 119 117
f 121 124 123
f 121 123 122
f 121 122 117
f 117 122 118
f 122 123 118
f 118 123 119
f 124 121 120
f 120 121 117
f 123 124 119
f 119 124 120
f 127 128 125
f 126 127 125
f 129 132 131
f 129 131 130
f 129 130 125
f 125 130 126
f 130 131 126
f 126 131 127
f 132 129 128
f 128 129 125
f 131 132 127
f 127 132 128
f 135 136 133
f 134 135 133
f 137 140 139
f 137 139 138
f 137 138 133
f 133 138 134
f 138 139 134
f 134 139 135
f 140 137 136
f 136 137 133
f 139 140 135
f 135 140 136
f 143 144 141
f 142 143 141
f 145 148 147
f 145 147 146
f 145 146 141
f 141 146 142
f 146 147 142
f 142 147 143
f 148 145 144
f 144 145 141
f 147 148 143
f 143 148 144
f 151 152 149
f 150 151 149
f 153 156 155
f 153 155 154
f 153 154 149
f 149 154 150
f 154 155 150
f 150 155 151
f 156 153 152
f 152 153 149
f 155 156 151
f 151 156 152
f 159 160 157
f 158 159 157
f 161 164 163
f 161 163 162
f 161 162 157
f 157 162 158
f 162 163 158
f 158 163 159
f 164 161 160
f 160 161 157
f 163 164 159
f 159 164 160
f 170 171 172
f 169 170 172
f 167 168 169
f 166 167 169
f 172 165 166
f 169 172 166
f 180 179 178
f 180 178 177
f 177 176 175
f 177 175 174
f 174 173 180
f 174 180 177
f 173 174 165
f 165 174 166
f 174 175 166
f 166 175 167
f 175 176 167
f 167 176 168
f 176 177 168
f 168 177 169
f 177 178 169
f 169 178 170
f 178 179 170
f 170 179 171
f 180 173 172
f 172 173 165
f 179 180 171
f 171 180 172
f 183 184 181
f 182 183 181
f 185 188 187
f 185 187 186
f 185 186 181
f 181 186 182
f 186 187 182
f 182 187 183
f 188 185 184
f 184 185 181
f 187 188 183
f 183 188 184
f 195 196 189
f 193 194 195
f 191 192 193
f 190 191 193
f 195 189 190
f 193 195 190
f 197 204 203
f 203 202 201
f 201 200 199
f 201 199 198
f 198 197 203
f 198 203 201
f 197 198 189
f 189 198 190
f 198 199 190
f 190 199 191
f 199 200 191
f 191 200 192
f 200 201 192
f 192 201 193
f 201 202 193
f 193 202 194
f 202 203 194
f 194 203 195
f 204 197 196
f 196 197 189
f 203 204 195
f 195 204 196
f 207 208 205
f 206 207 205
f 209 212 211
f 209 211 210
f 209 210 205
f 205 210 206
f 210 211 206
f 206 211 207
f 212 209 208
f 208 209 205
f 211 212 207
f 207 212 208
f 225 226 213
f 223 224 225
f 222 223 225
f 221 222 225
f 220 221 225
f 218 219 220
f 217 218 220
f 216 217 220
f 215 216 220
f 214 215 220
f 213 214 220
f 225 213 220
f 227 240 239
f 239 238 237
f 239 237 236
f 239 236 235
f 239 235 234
f 234 233 232
f 234 232 231
f 234 231 230
f 234 230 229
f 234 229 228
f 234 228 227
f 234 227 239
f 227 228 213
f 213 228 214
f 228 229 214
f 214 229 215
f 229 230 215
f 215 230 216
f 230 231 216
f 216 231 217
f 231 232 217
f 217 232 218
f 232 233 218
f 218 233 219
f 233 234 219
f 219 234 220
f 234 235 220
f 220 235 221
f 235 236 221
f 221 236 222
f 236 237 222
f 222 237 223
f 237 238 223
f 223 238 224
f 238 239 224
f 224 239 225
f 240 227 226
f 226 227 213
f 239 240 225
f 225 240 226
f 243 244 241
f 242 243 241
f 245 248 247
f 245 247 246
f 245 246 241
f 241 246 242
f 246 247 242
f 242 247 243
f 248 245 244
f 244 245 241
f 247 248 243
f 243 248 244
f 251 252 249
f 250 251 249
f 253 256 255
f 253 255 254
f 253 254 249
f 249 254 250
f 254 255 250
f 250 255 251
f 256 253 252
f 252 253 249
f 255 256 251
f 251 256 252
f 259 260 257
f 258 259 257
f 261 264 263
f 261 263 262
f 261 262 257
f 257 262 258
f 262 263 258
f 258 263 259
f 264 261 260
f 260 261 257
f 263 264 259
f 259 264 260
f 267 268 265
f 266 267 265
f 269 272 271
f 269 271 270
f 269 270 265
f 265 270 266
f 270 271 266
f 266 271 267
f 272 269 268
f 268 269 265
f 271 272 267
f 267 272 268
f 279 280 273
f 277 278 279
f 276 277 279
f 274 275 276
f 273 274 276
f 279 273 276
f 281 288 287
f 287 286 285
f 287 285 284
f 284 283 282
f 284 282 281
f 284 281 287
f 281 282 273
f 273 282 274
f 282 283 274
f 274 283 275
f 283 284 275
f 275 284 276
f 284 285 276
f 276 285 277
f 285 286 277
f 277 286 278
f 286 287 278
f 278 287 279
f 288 281 280
f 280 281 273
f 287 288 279
f 279 288 280
f 291 292 289
f 290 291 289
f 293 296 295
f 293 295 294
f 293 294 289
f 289 294 290
f 294 295 290
f 290 295 291
f 296 293 292
f 292 293 289
f 295 296 291
f 291 296 292
f 299 300 297
f 298 299 297
f 301 304 303
f 301 303 302
f 301 302 297
f 297 302 298
f 302 303 298
f 298 303 299
f 304 301 300
f 300 301 297
f 303 304 299
f 299 304 300
f 307 308 305
f 306 307 305
f 309 312 311
f 309 311 310
f 309 310 305
f 305 310 306
f 310 311 306
f 306 311 307
f 312 309 308
f 308 309 305
f 311 312 307
f 307 312 308
f 322 323 324
f 321 322 324
f 319 320 321
f 318 319 321
f 316 317 318
f 315 316 318
f 313 314 315
f 324 313 315
f 321 324 315
f 318 321 315
f 336 335 334
f 336 334 333
f 333 332 331
f 333 331 330
f 330 329 328
f 330 328 327
f 327 326 325
f 327 325 336
f 327 336 333
f 327 333 330
f 325 326 313
f 313 326 314
f 326 327 314
f 314 327 315
f 327 328 315
f 315 328 316
f 328 329 316
f 316 329 317
f 329 330 317
f 317 330 318
f 330 331 318
f 318 331 319
f 331 332 319
f 319 332 320
f 332 333 320
f 320 333 321
f 333 334 321
f 321 334 322
f 334 335 322
f 322 335 323
f 336 325 324
f 324 325 313
f 335 336 323
f 323 336 324
f 339 340 337
f 338 339 337
f 341 344 343
f 341 343 342
f 341 342 337
f 337 342 338
f 342 343 338
f 338 343 339
f 344 341 340
f 340 341 337
f 343 344 339
f 339 344 340
f 347 348 345
f 346 347 345
f 349 352 351
f 349 351 350
f 349 350 345
f 345 350 346
f 350 351 346
f 346 351 347
f 352 349 348
f 348 349 345
f 351 352 347
f 347 352 348
f 355 356 353
f 354 355 353
f 357 360 359
f 357 359 358
f 357 358 353
f 353 358 354
f 358 359 354
f 354 359 355
f 360 357 356
f 356 357 353
f 359 360 355
f 355 360 356
f 363 364 361
f 362 363 361
f 365 368 367
f 365 367 366
f 365 366 361
f 361 366 362
f 366 367 362
f 362 367 363
f 368 365 364
f 364 365 361
f 367 368 363
f 363 368 364
f 371 372 369
f 370 371 369
f 373 376 375
f 373 375 374
f 373 374 369
f 369 374 370
f 374 375 370
f 370 375 371
f 376 373 372
f 372 373 369
f 375 376 371
f 371 376 372
f 379 380 377
f 378 379 377
f 381 384 383
f 381 383 382
f 381 382 377
f 377 382 378
f 382 383 378
f 378 383 379
f 384 381 380
f 380 381 377
f 383 384 379
f 379 384 380
f 393 394 385
f 391 392 393
f 390 391 393
f 388 389 390
f 386 387 388
f 385 386 388
f 393 385 388
f 390 393 388
f 395 404 403
f 403 402 401
f 403 401 400
f 400 399 398
f 398 397 396
f 398 396 395
f 398 395 403
f 398 403 400
f 395 396 385
f 385 396 386
f 396 397 386
f 386 397 387
f 397 398 387
f 387 398 388
f 398 399 388
f 388 399 389
f 399 400 389
f 389 400 390
f 400 401 390
f 390 401 391
f 401 402 391
f 391 402 392
f 402 403 392
f 392 403 393
f 404 395 394
f 394 395 385
f 403 404 393
f 393 404 394
f 407 408 405
f 406 407 405
f 409 412 411
f 409 411 410
f 409 410 405
f 405 410 406
f 410 411 406
f 406 411 407
f 412 409 408
f 408 409 405
f 411 412 407
f 407 412 408
f 415 416 413
f 414 415 413
f 417 420 419
f 417 419 418
f 417 418 413
f 413 418 414
f 418 419 414
f 414 419 415
f 420 417 416
f 416 417 413
f 419 420 415
f 415 420 416
f 423 424 421
f 422 423 421
f 425 428 427
f 425 427 426
f 425 426 421
f 421 426 422
f 426 427 422
f 422 427 423
f 428 425 424
f 424 425 421
f 427 428 423
f 423 428 424
f 431 432 429
f 430 431 429
f 433 436 435
f 433 435 434
f 433 434 429
f 429 434 430
f 434 435 430
f 430 435 431
f 436 433 432
f 432 433 429
f 435 436 431
f 431 436 432
f 439 440 437
f 438 439 437
f 441 444 443
f 441 443 442
f 441 442 437
f 437 442 438
f 442 443 438
f 438 443 439
f 444 441 440
f 440 441 437
f 443 444 439
f 439 444 440
f 447 448 445
f 446 447 445
f 449 452 451
f 449 451 450
f 449 450 445
f 445 450 446
f 450 451 446
f 446 451 447
f 452 449 448
f 448 449 445
f 451 452 447
f 447 452 448
f 454 453 456
f 455 454 456
f 460 457 458
f 460 458 459
f 458 457 454
f 454 457 453
f 459 458 455
f 455 458 454
f 457 460 453
f 453 460 456
f 460 459 456
f 456 459 455
f 462 461 464
f 463 462 464
f 468 465 466
f 468 466 467
f 466 465 462
f 462 465 461
f 467 466 463
f 463 466 462
f 465 468 461
f 461 468 464
f 468 467 464
f 464 467 463
f 470 469 472
f 471 470 472
f 476 473 474
f 476 474 475
f 474 473 470
f 470 473 469
f 475 474 471
f 471 474 470
f 473 476 469
f 469 476 472
f 476 475 472
f 472 475 471
f 478 477 480
f 479 478 480
f 484 481 482
f 484 482 483
f 482 481 478
f 478 481 477
f 483 482 479
f 479 482 478
f 481 484 477
f 477 484 480
f 484 483 480
f 480 483 479
f 486 485 488
f 487 486 488
f 492 489 490
f 492 490 491
f 490 489 486
f 486 489 485
f 491 490 487
f 487 490 486
f 489 492 485
f 485 492 488
f 492 491 488
f 488 491 487
f 494 493 496
f 495 494 496
f 500 497 498
f 500 498 499
f 498 497 494
f 494 497 493
f 499 498 495
f 495 498 494
f 497 500 493
f 493 500 496
f 500 499 496
f 496 499 495
f 502 501 504
f 503 502 504
f 508 505 506
f 508 506 507
f 506 505 502
f 502 505 501
f 507 506 503
f 503 506 502
f 505 508 501
f 501 508 504
f 508 507 504
f 504 507 503
f 510 509 512
f 511 510 512
f 516 513 514
f 516 514 515
f 514 513 510
f 510 513 509
f 515 514 511
f 511 514 510
f 513 516 509
f 509 516 512
f 516 515 512
f 512 515 511
f 518 517 520
f 519 518 520
f 524 521 522
f 524 522 523
f 522 521 518
f 518 521 517
f 523 522 519
f 519 522 518
f 521 524 517
f 517 524 520
f 524 523 520
f 520 523 519
f 526 525 528
f 527 526 528
f 532 529 530
f 532 530 531
f 530 529 526
f 526 529 525
f 531 530 527
f 527 530 526
f 529 532 525
f 525 532 528
f 532 531 528
f 528 531 527
f 534 533 536
f 535 534 536
f 540 537 538
f 540 538 539
f 538 537 534
f 534 537 533
f 539 538 535
f 535 538 534
f 537 540 533
f 533 540 536
f 540 539 536
f 536 539 535
f 542 541 544
f 543 542 544
f 548 545 546
f 548 546 547
f 546 545 542
f 542 545 541
f 547 546 543
f 543 546 542
f 545 548 541
f 541 548 544
f 548 547 544
f 544 547 543
f 550 549 552
f 551 550 552
f 556 553 554
f 556 554 555
f 554 553 550
f 550 553 549
f 555 554 551
f 551 554 550
f 553 556 549
f 549 556 552
f 556 555 552
f 552 555 551
f 558 557 560
f 559 558 560
f 564 561 562
f 564 562 563
f 562 561 558
f 558 561 557
f 563 562 559
f 559 562 558
f 561 564 557
f 557 564 560
f 564 563 560
f 560 563 559
f 566 565 568
f 567 566 568
f 572 569 570
f 572 570 571
f 570 569 566
f 566 569 565
f 571 570 567
f 567 570 566
f 569 572 565
f 565 572 568
f 572 571 568
f 568 571 567
f 574 573 576
f 575 574 576
f 580 577 578
f 580 578 579
f 578 577 574
f 574 577 573
f 579 578 575
f 575 578 574
f 577 580 573
f 573 580 576
f 580 579 576
f 576 579 575
f 582 581 584
f 583 582 584
f 588 585 586
f 588 586 587
f 586 585 582
f 582 585 581
f 587 586 583
f 583 586 582
f 585 588 581
f 581 588 584
f 588 587 584
f 584 587 583
f 590 589 592
f 591 590 592
f 596 593 594
f 596 594 595
f 594 593 590
f 590 593 589
f 595 594 591
f 591 594 590
f 593 596 589
f 589 596 592
f 596 595 592
f 592 595 591
f 598 597 600
f 599 598 600
f 604 601 602
f 604 602 603
f 602 601 598
f 598 601 597
f 603 602 599
f 599 602 598
f 601 604 597
f 597 604 600
f 604 603 600
f 600 603 599
f 606 605 608
f 607 606 608
f 612 609 610
f 612 610 611
f 610 609 606
f 606 609 605
f 611 610 607
f 607 610 606
f 609 612 605
f 605 612 608
f 612 611 608
f 608 611 607
f 614 613 616
f 615 614 616
f 620 617 618
f 620 618 619
f 618 617 614
f 614 617 613
f 619 618 615
f 615 618 614
f 617 620 613
f 613 620 616
f 620 619 616
f 616 619 615
f 622 621 624
f 623 622 624
f 628 625 626
f 628 626 627
f 626 625 622
f 622 625 621
f 627 626 623
f 623 626 622
f 625 628 621
f 621 628 624
f 628 627 624
f 624 627 623
f 630 629 632
f 631 630 632
f 636 633 634
f 636 634 635
f 634 633 630
f 630 633 629
f 635 634 631
f 631 634 630
f 633 636 629
f 629 636 632
f 636 635 632
f 632 635 631
f 638 637 640
f 639 638 640
f 644 641 642
f 644 642 643
f 642 641 638
f 638 641 637
f 643 642 639
f 639 642 638
f 641 644 637
f 637 644 640
f 644 643 640
f 640 643 639
f 646 645 648
f 647 646 648
f 652 649 650
f 652 650 651
f 650 649 646
f 646 649 645
f 651 650 647
f 647 650 646
f 649 652 645
f 645 652 648
f 652 651 648
f 648 651 647
f 654 653 656
f 655 654 656
f 660 657 658
f 660 658 659
f 658 657 654
f 654 657 653
f 659 658 655
f 655 658 654
f 657 660 653
f 653 660 656
f 660 659 656
f 656 659 655

o column
v -2.77500000 -7.49999998 0.60000000 0.92549020 0.90196078 0.85490196
v -2.77500000 -7.79999998 0.60000000 0.92549020 0.90196078 0.85490196
v -3.37500000 -7.79999998 0.60000000 0.92549020 0.90196078 0.85490196
v -3.37500000 -7.49999998 0.60000000 0.92549020 0.90196078 0.85490196
v -2.77500000 -7.49999998 3.35000000 0.92549020 0.90196078 0.85490196
v -2.77500000 -7.79999998 3.35000000 0.92549020 0.90196078 0.85490196
v -3.37500000 -7.79999998 3.35000000 0.92549020 0.90196078 0.85490196
v -3.37500000 -7.49999998 3.35000000 0.92549020 0.90196078 0.85490196
v -3.37500000 -5.04999998 0.60000000 0.92549020 0.90196078 0.85490196
v -3.07500000 -5.04999998 0.60000000 0.92549020 0.90196078 0.85490196
v -3.07500000 -5.64999998 0.60000000 0.92549020 0.90196078 0.85490196
v -3.37500000 -5.64999998 0.60000000 0.92549020 0.90196078 0.85490196
v -3.37500000 -5.04999998 3.35000000 0.92549020 0.90196078 0.85490196
v -3.07500000 -5.04999998 3.35000000 0.92549020 0.90196078 0.85490196
v -3.07500000 -5.64999998 3.35000000 0.92549020 0.90196078 0.85490196
v -3.37500000 -5.64999998 3.35000000 0.92549020 0.90196078 0.85490196
v -5.47500000 -4.69999998 0.60000000 0.92549020 0.90196078 0.85490196
v -5.17500000 -4.69999998 0.60000000 0.92549020 0.90196078 0.85490196
v -5.17500000 -5.29999998 0.60000000 0.92549020 0.90196078 0.85490196
v -5.47500000 -5.29999998 0.60000000 0.92549020 0.90196078 0.85490196
v -5.47500000 -4.69999998 3.35000000 0.92549020 0.90196078 0.85490196
v -5.17500000 -4.69999998 3.35000000 0.92549020 0.90196078 0.85490196
v -5.17500000 -5.29999998 3.35000000 0.92549020 0.90196078 0.85490196
v -5.47500000 -5.29999998 3.35000000 0.92549020 0.90196078 0.85490196
v -5.47500000 -2.09999998 0.60000000 0.92549020 0.90196078 0.85490196
v -5.17500000 -2.09999998 0.60000000 0.92549020 0.90196078 0.85490196
v -5.17500000 -2.69999998 0.60000000 0.92549020 0.90196078 0.85490196
v -5.47500000 -2.69999998 0.60000000 0.92549020 0.90196078 0.85490196
v -5.47500000 -2.09999998 3.35000000 0.92549020 0.90196078 0.85490196
v -5.17500000 -2.09999998 3.35000000 0.92549020 0.90196078 0.85490196
v -5.17500000 -2.69999998 3.35000000 0.92549020 0.90196078 0.85490196
v -5.47500000 -2.69999998 3.35000000 0.92549020 0.90196078 0.85490196
v 0.02500000 -2.09999998 0.60000000 0.92549020 0.90196078 0.85490196
v 0.32500000 -2.09999998 0.60000000 0.92549020 0.90196078 0.85490196
v 0.32500000 -2.69999998 0.60000000 0.92549020 0.90196078 0.85490196
v 0.02500000 -2.69999998 0.60000000 0.92549020 0.90196078 0.85490196
v 0.02500000 -2.09999998 3.35000000 0.92549020 0.90196078 0.85490196
v 0.32500000 -2.09999998 3.35000000 0.92549020 0.90196078 0.85490196
v 0.32500000 -2.69999998 3.35000000 0.92549020 0.90196078 0.85490196
v 0.02500000 -2.69999998 3.35000000 0.92549020 0.90196078 0.85490196
v -5.47500000 5.05000002 0.60000000 0.92549020 0.90196078 0.85490196
v -5.17500000 5.05000002 0.60000000 0.92549020 0.90196078 0.85490196
v -5.17500000 4.45000002 0.60000000 0.92549020 0.90196078 0.85490196
v -5.47500000 4.45000002 0.60000000 0.92549020 0.90196078 0.85490196
v -5.47500000 5.05000002 3.35000000 0.92549020 0.90196078 0.85490196
v -5.17500000 5.05000002 3.35000000 0.92549020 0.90196078 0.85490196
v -5.17500000 4.45000002 3.35000000 0.92549020 0.90196078 0.85490196
v -5.47500000 4.45000002 3.35000000 0.92549020 0.90196078 0.85490196
v 0.32500000 5.10000002 0.60000000 0.92549020 0.90196078 0.85490196
v 0.32500000 4.80000002 0.60000000 0.92549020 0.90196078 0.85490196
v -0.27500000 4.80000002 0.60000000 0.92549020 0.90196078 0.85490196
v -0.27500000 5.10000002 0.60000000 0.92549020 0.90196078 0.85490196
v 0.32500000 5.10000002 3.35000000 0.92549020 0.90196078 0.85490196
v 0.32500000 4.80000002 3.35000000 0.92549020 0.90196078 0.85490196
v -0.27500000 4.80000002 3.35000000 0.92549020 0.90196078 0.85490196
v -0.27500000 5.10000002 3.35000000 0.92549020 0.90196078 0.85490196
v -5.47500000 7.80000002 0.60000000 0.92549020 0.90196078 0.85490196
v -4.87500000 7.80000002 0.60000000 0.92549020 0.90196078 0.85490196
v -4.87500000 7.50000002 0.60000000 0.92549020 0.90196078 0.85490196
v -5.47500000 7.50000002 0.60000000 0.92549020 0.90196078 0.85490196
v -5.47500000 7.80000002 3.35000000 0.92549020 0.90196078 0.85490196
v -4.87500000 7.80000002 3.35000000 0.92549020 0.90196078 0.85490196
v -4.87500000 7.50000002 3.35000000 0.92549020 0.90196078 0.85490196
v -5.47500000 7.50000002 3.35000000 0.92549020 0.90196078 0.85490196
v 0.92500000 -7.49999998 0.60000000 0.92549020 0.90196078 0.85490196
v 0.92500000 -7.79999998 0.60000000 0.92549020 0.90196078 0.85490196
v 0.32500000 -7.79999998 0.60000000 0.92549020 0.90196078 0.85490196
v 0.32500000 -7.49999998 0.60000000 0.92549020 0.90196078 0.85490196
v 0.92500000 -7.49999998 3.35000000 0.92549020 0.90196078 0.85490196
v 0.92500000 -7.79999998 3.35000000 0.92549020 0.90196078 0.85490196
v 0.32500000 -7.79999998 3.35000000 0.92549020 0.90196078 0.85490196
v 0.32500000 -7.49999998 3.35000000 0.92549020 0.90196078 0.85490196
v 5.17500000 -7.19999998 0.60000000 0.92549020 0.90196078 0.85490196
v 5.47500000 -7.19999998 0.60000000 0.92549020 0.90196078 0.85490196
v 5.47500000 -7.79999998 0.60000000 0.92549020 0.90196078 0.85490196
v 5.17500000 -7.79999998 0.60000000 0.92549020 0.90196078 0.85490196
v 5.17500000 -7.19999998 3.35000000 0.92549020 0.90196078 0.85490196
v 5.47500000 -7.19999998 3.35000000 0.92549020 0.90196078 0.85490196
v 5.47500000 -7.79999998 3.35000000 0.92549020 0.90196078 0.85490196
v 5.17500000 -7.79999998 3.35000000 0.92549020 0.90196078 0.85490196
v 5.17500000 -3.89999998 0.60000000 0.92549020 0.90196078 0.85490196
v 5.47500000 -3.89999998 0.60000000 0.92549020 0.90196078 0.85490196
v 5.47500000 -4.49999998 0.60000000 0.92549020 0.90196078 0.85490196
v 5.17500000 -4.49999998 0.60000000 0.92549020 0.90196078 0.85490196
v 5.17500000 -3.89999998 3.35000000 0.92549020 0.90196078 0.85490196
v 5.47500000 -3.89999998 3.35000000 0.92549020 0.90196078 0.85490196
v 5.47500000 -4.49999998 3.35000000 0.92549020 0.90196078 0.85490196
v 5.17500000 -4.49999998 3.35000000 0.92549020 0.90196078 0.85490196
v 0.27500000 -3.89999998 0.60000000 0.92549020 0.90196078 0.85490196
v 0.57500000 -3.89999998 0.60000000 0.92549020 0.90196078 0.85490196
v 0.57500000 -4.49999998 0.60000000 0.92549020 0.90196078 0.85490196
v 0.27500000 -4.49999998 0.60000000 0.92549020 0.90196078 0.85490196
v 0.27500000 -3.89999998 3.35000000 0.92549020 0.90196078 0.85490196
v 0.57500000 -3.89999998 3.35000000 0.92549020 0.90196078 0.85490196
v 0.57500000 -4.49999998 3.35000000 0.92549020 0.90196078 0.85490196
v 0.27500000 -4.49999998 3.35000000 0.92549020 0.90196078 0.85490196
v 1.52500000 2.60000002 0.60000000 0.92549020 0.90196078 0.85490196
v 1.82500000 2.60000002 0.60000000 0.92549020 0.90196078 0.85490196
v 1.82500000 2.00000002 0.60000000 0.92549020 0.90196078 0.85490196
v 1.52500000 2.00000002 0.60000000 0.92549020 0.90196078 0.85490196
v 1.52500000 2.60000002 3.35000000 0.92549020 0.90196078 0.85490196
v 1.82500000 2.60000002 3.35000000 0.92549020 0.90196078 0.85490196
v 1.82500000 2.00000002 3.35000000 0.92549020 0.90196078 0.85490196
v 1.52500000 2.00000002 3.35000000 0.92549020 0.90196078 0.85490196
v 5.17500000 2.60000002 0.60000000 0.92549020 0.90196078 0.85490196
v 5.47500000 2.60000002 0.60000000 0.92549020 0.90196078 0.85490196
v 5.47500000 2.00000002 0.60000000 0.92549020 0.90196078 0.85490196
v 5.17500000 2.00000002 0.60000000 0.92549020 0.90196078 0.85490196
v 5.17500000 2.60000002 3.35000000 0.92549020 0.90196078 0.85490196
v 5.47500000 2.60000002 3.35000000 0.92549020 0.90196078 0.85490196
v 5.47500000 2.00000002 3.35000000 0.92549020 0.90196078 0.85490196
v 5.17500000 2.00000002 3.35000000 0.92549020 0.90196078 0.85490196
v 0.67500000 7.80000002 0.60000000 0.92549020 0.90196078 0.85490196
v 0.67500000 7.50000002 0.60000000 0.92549020 0.90196078 0.85490196
v 0.07500000 7.50000002 0.60000000 0.92549020 0.90196078 0.85490196
v 0.07500000 7.80000002 0.60000000 0.92549020 0.90196078 0.85490196
v 0.67500000 7.80000002 3.35000000 0.92549020 0.90196078 0.85490196
v 0.67500000 7.50000002 3.35000000 0.92549020 0.90196078 0.85490196
v 0.07500000 7.50000002 3.35000000 0.92549020 0.90196078 0.85490196
v 0.07500000 7.80000002 3.35000000 0.92549020 0.90196078 0.85490196
v 5.47500000 7.80000002 0.60000000 0.92549020 0.90196078 0.85490196
v 5.47500000 7.50000002 0.60000000 0.92549020 0.90196078 0.85490196
v 4.87500000 7.50000002 0.60000000 0.92549020 0.90196078 0.85490196
v 4.87500000 7.80000002 0.60000000 0.92549020 0.90196078 0.85490196
v 5.47500000 7.80000002 3.35000000 0.92549020 0.90196078 0.85490196
v 5.47500000 7.50000002 3.35000000 0.92549020 0.90196078 0.85490196
v 4.87500000 7.50000002 3.35000000 0.92549020 0.90196078 0.85490196
v 4.87500000 7.80000002 3.35000000 0.92549020 0.90196078 0.85490196
f 663 664 661
f 662 663 661
f 665 668 667
f 665 667 666
f 665 666 661
f 661 666 662
f 666 667 662
f 662 667 663
f 668 665 664
f 664 665 661
f 667 668 663
f 663 668 664
f 671 672 669
f 670 671 669
f 673 676 675
f 673 675 674
f 673 674 669
f 669 674 670
f 674 675 670
f 670 675 671
f 676 673 672
f 672 673 669
f 675 676 671
f 671 676 672
f 679 680 677
f 678 679 677
f 681 684 683
f 681 683 682
f 681 682 677
f 677 682 678
f 682 683 678
f 678 683 679
f 684 681 680
f 680 681 677
f 683 684 679
f 679 684 680
f 687 688 685
f 686 687 685
f 689 692 691
f 689 691 690
f 689 690 685
f 685 690 686
f 690 691 686
f 686 691 687
f 692 689 688
f 688 689 685
f 691 692 687
f 687 692 688
f 695 696 693
f 694 695 693
f 697 700 699
f 697 699 698
f 697 698 693
f 693 698 694
f 698 699 694
f 694 699 695
f 700 697 696
f 696 697 693
f 699 700 695
f 695 700 696
f 703 704 701
f 702 703 701
f 705 708 707
f 705 707 706
f 705 706 701
f 701 706 702
f 706 707 702
f 702 707 703
f 708 705 704
f 704 705 701
f 707 708 703
f 703 708 704
f 711 712 709
f 710 711 709
f 713 716 715
f 713 715 714
f 713 714 709
f 709 714 710
f 714 715 710
f 710 715 711
f 716 713 712
f 712 713 709
f 715 716 711
f 711 716 712
f 719 720 717
f 718 719 717
f 721 724 723
f 721 723 722
f 721 722 717
f 717 722 718
f 722 723 718
f 718 723 719
f 724 721 720
f 720 721 717
f 723 724 719
f 719 724 720
f 727 728 725
f 726 727 725
f 729 732 731
f 729 731 730
f 729 730 725
f 725 730 726
f 730 731 726
f 726 731 727
f 732 729 728
f 728 729 725
f 731 732 727
f 727 732 728
f 735 736 733
f 734 735 733
f 737 740 739
f 737 739 738
f 737 738 733
f 733 738 734
f 738 739 734
f 734 739 735
f 740 737 736
f 736 737 733
f 739 740 735
f 735 740 736
f 743 744 741
f 742 743 741
f 745 748 747
f 745 747 746
f 745 746 741
f 741 746 742
f 746 747 742
f 742 747 743
f 748 745 744
f 744 745 741
f 747 748 743
f 743 748 744
f 751 752 749
f 750 751 749
f 753 756 755
f 753 755 754
f 753 754 749
f 749 754 750
f 754 755 750
f 750 755 751
f 756 753 752
f 752 753 749
f 755 756 751
f 751 756 752
f 759 760 757
f 758 759 757
f 761 764 763
f 761 763 762
f 761 762 757
f 757 762 758
f 762 763 758
f 758 763 759
f 764 761 760
f 760 761 757
f 763 764 759
f 759 764 760
f 767 768 765
f 766 767 765
f 769 772 771
f 769 771 770
f 769 770 765
f 765 770 766
f 770 771 766
f 766 771 767
f 772 769 768
f 768 769 765
f 771 772 767
f 767 772 768
f 775 776 773
f 774 775 773
f 777 780 779
f 777 779 778
f 777 778 773
f 773 778 774
f 778 779 774
f 774 779 775
f 780 777 776
f 776 777 773
f 779 780 775
f 775 780 776
f 783 784 781
f 782 783 781
f 785 788 787
f 785 787 786
f 785 786 781
f 781 786 782
f 786 787 782
f 782 787 783
f 788 785 784
f 784 785 781
f 787 788 783
f 783 788 784

o glass
v -0.50000000 4.91000002 0.60000000 0.58823529 0.74509804 0.82352941
v -0.50000000 4.94000002 0.60000000 0.58823529 0.74509804 0.82352941
v -4.50000000 4.94000002 0.60000000 0.58823529 0.74509804 0.82352941
v -4.50000000 4.91000002 0.60000000 0.58823529 0.74509804 0.82352941
v -0.50000000 4.91000002 2.80000000 0.58823529 0.74509804 0.82352941
v -0.50000000 4.94000002 2.80000000 0.58823529 0.74509804 0.82352941
v -4.50000000 4.94000002 2.80000000 0.58823529 0.74509804 0.82352941
v -4.50000000 4.91000002 2.80000000 0.58823529 0.74509804 0.82352941
v 4.02500000 7.66000002 0.60000000 0.58823529 0.74509804 0.82352941
v 4.02500000 7.69000002 0.60000000 0.58823529 0.74509804 0.82352941
v 1.52500000 7.69000002 0.60000000 0.58823529 0.74509804 0.82352941
v 1.52500000 7.66000002 0.60000000 0.58823529 0.74509804 0.82352941
v 4.02500000 7.66000002 2.80000000 0.58823529 0.74509804 0.82352941
v 4.02500000 7.69000002 2.80000000 0.58823529 0.74509804 0.82352941
v 1.52500000 7.69000002 2.80000000 0.58823529 0.74509804 0.82352941
v 1.52500000 7.66000002 2.80000000 0.58823529 0.74509804 0.82352941
v 3.57500000 -7.68999998 1.30000000 0.58823529 0.74509804 0.82352941
v 3.57500000 -7.65999998 1.30000000 0.58823529 0.74509804 0.82352941
v 2.07500000 -7.65999998 1.30000000 0.58823529 0.74509804 0.82352941
v 2.07500000 -7.68999998 1.30000000 0.58823529 0.74509804 0.82352941
v 3.57500000 -7.68999998 2.80000000 0.58823529 0.74509804 0.82352941
v 3.57500000 -7.65999998 2.80000000 0.58823529 0.74509804 0.82352941
v 2.07500000 -7.65999998 2.80000000 0.58823529 0.74509804 0.82352941
v 2.07500000 -7.68999998 2.80000000 0.58823529 0.74509804 0.82352941
v 5.36500000 -2.54999998 1.30000000 0.58823529 0.74509804 0.82352941
v 5.36500000 -1.04999998 1.30000000 0.58823529 0.74509804 0.82352941
v 5.33500000 -1.04999998 1.30000000 0.58823529 0.74509804 0.82352941
v 5.33500000 -2.54999998 1.30000000 0.58823529 0.74509804 0.82352941
v 5.36500000 -2.54999998 2.80000000 0.58823529 0.74509804 0.82352941
v 5.36500000 -1.04999998 2.80000000 0.58823529 0.74509804 0.82352941
v 5.33500000 -1.04999998 2.80000000 0.58823529 0.74509804 0.82352941
v 5.33500000 -2.54999998 2.80000000 0.58823529 0.74509804 0.82352941
v -5.33500000 -1.34999998 1.30000000 0.58823529 0.74509804 0.82352941
v -5.33500000 -0.09999998 1.30000000 0.58823529 0.74509804 0.82352941
v -5.36500000 -0.09999998 1.30000000 0.58823529 0.74509804 0.82352941
v -5.36500000 -1.34999998 1.30000000 0.58823529 0.74509804 0.82352941
v -5.33500000 -1.34999998 2.80000000 0.58823529 0.74509804 0.82352941
v -5.33500000 -0.09999998 2.80000000 0.58823529 0.74509804 0.82352941
v -5.36500000 -0.09999998 2.80000000 0.58823529 0.74509804 0.82352941
v -5.36500000 -1.34999998 2.80000000 0.58823529 0.74509804 0.82352941
v 5.36500000 3.00000002 2.20000000 0.58823529 0.74509804 0.82352941
v 5.36500000 3.60000002 2.20000000 0.58823529 0.74509804 0.82352941
v 5.33500000 3.60000002 2.20000000 0.58823529 0.74509804 0.82352941
v 5.33500000 3.00000002 2.20000000 0.58823529 0.74509804 0.82352941
v 5.36500000 3.00000002 2.80000000 0.58823529 0.74509804 0.82352941
v 5.36500000 3.60000002 2.80000000 0.58823529 0.74509804 0.82352941
v 5.33500000 3.60000002 2.80000000 0.58823529 0.74509804 0.82352941
v 5.33500000 3.00000002 2.80000000 0.58823529 0.74509804 0.82352941
v 5.36500000 1.15000002 2.20000000 0.58823529 0.74509804 0.82352941
v 5.36500000 1.75000002 2.20000000 0.58823529 0.74509804 0.82352941
v 5.33500000 1.75000002 2.20000000 0.58823529 0.74509804 0.82352941
v 5.33500000 1.15000002 2.20000000 0.58823529 0.74509804 0.82352941
v 5.36500000 1.15000002 2.80000000 0.58823529 0.74509804 0.82352941
v 5.36500000 1.75000002 2.80000000 0.58823529 0.74509804 0.82352941
v 5.33500000 1.75000002 2.80000000 0.58823529 0.74509804 0.82352941
v 5.33500000 1.15000002 2.80000000 0.58823529 0.74509804 0.82352941
v -0.02500000 -7.68999998 2.20000000 0.58823529 0.74509804 0.82352941
v -0.02500000 -7.65999998 2.20000000 0.58823529 0.74509804 0.82352941
v -0.62500000 -7.65999998 2.20000000 0.58823529 0.74509804 0.82352941
v -0.62500000 -7.68999998 2.20000000 0.58823529 0.74509804 0.82352941
v -0.02500000 -7.68999998 2.80000000 0.58823529 0.74509804 0.82352941
v -0.02500000 -7.65999998 2.80000000 0.58823529 0.74509804 0.82352941
v -0.62500000 -7.65999998 2.80000000 0.58823529 0.74509804 0.82352941
v -0.62500000 -7.68999998 2.80000000 0.58823529 0.74509804 0.82352941
v -1.80000000 -7.68999998 2.20000000 0.58823529 0.74509804 0.82352941
v -1.80000000 -7.65999998 2.20000000 0.58823529 0.74509804 0.82352941
v -2.40000000 -7.65999998 2.20000000 0.58823529 0.74509804 0.82352941
v -2.40000000 -7.68999998 2.20000000 0.58823529 0.74509804 0.82352941
v -1.80000000 -7.68999998 2.80000000 0.58823529 0.74509804 0.82352941
v -1.80000000 -7.65999998 2.80000000 0.58823529 0.74509804 0.82352941
v -2.40000000 -7.65999998 2.80000000 0.58823529 0.74509804 0.82352941
v -2.40000000 -7.68999998 2.80000000 0.58823529 0.74509804 0.82352941
f 790 789 792
f 791 790 792
f 796 793 794
f 796 794 795
f 794 793 790
f 790 793 789
f 795 794 791
f 791 794 790
f 793 796 789
f 789 796 792
f 796 795 792
f 792 795 791
f 798 797 800
f 799 798 800
f 804 801 802
f 804 802 803
f 802 801 798
f 798 801 797
f 803 802 799
f 799 802 798
f 801 804 797
f 797 804 800
f 804 803 800
f 800 803 799
f 806 805 808
f 807 806 808
f 812 809 810
f 812 810 811
f 810 809 806
f 806 809 805
f 811 810 807
f 807 810 806
f 809 812 805
f 805 812 808
f 812 811 808
f 808 811 807
f 814 813 816
f 815 814 816
f 820 817 818
f 820 818 819
f 818 817 814
f 814 817 813
f 819 818 815
f 815 818 814
f 817 820 813
f 813 820 816
f 820 819 816
f 816 819 815
f 822 821 824
f 823 822 824
f 828 825 826
f 828 826 827
f 826 825 822
f 822 825 821
f 827 826 823
f 823 826 822
f 825 828 821
f 821 828 824
f 828 827 824
f 824 827 823
f 830 829 832
f 831 830 832
f 836 833 834
f 836 834 835
f 834 833 830
f 830 833 829
f 835 834 831
f 831 834 830
f 833 836 829
f 829 836 832
f 836 835 832
f 832 835 831
f 838 837 840
f 839 838 840
f 844 841 842
f 844 842 843
f 842 841 838
f 838 841 837
f 843 842 839
f 839 842 838
f 841 844 837
f 837 844 840
f 844 843 840
f 840 843 839
f 846 845 848
f 847 846 848
f 852 849 850
f 852 850 851
f 850 849 846
f 846 849 845
f 851 850 847
f 847 850 846
f 849 852 845
f 845 852 848
f 852 851 848
f 848 851 847
f 854 853 856
f 855 854 856
f 860 857 858
f 860 858 859
f 858 857 854
f 854 857 853
f 859 858 855
f 855 858 854
f 857 860 853
f 853 860 856
f 860 859 856
f 856 859 855

o frame
v -4.50000000 4.96500002 0.60000000 0.27450980 0.27450980 0.28235294
v -4.45000000 4.96500002 0.60000000 0.27450980 0.27450980 0.28235294
v -4.45000000 4.88500002 0.60000000 0.27450980 0.27450980 0.28235294
v -4.50000000 4.88500002 0.60000000 0.27450980 0.27450980 0.28235294
v -4.50000000 4.96500002 2.80000000 0.27450980 0.27450980 0.28235294
v -4.45000000 4.96500002 2.80000000 0.27450980 0.27450980 0.28235294
v -4.45000000 4.88500002 2.80000000 0.27450980 0.27450980 0.28235294
v -4.50000000 4.88500002 2.80000000 0.27450980 0.27450980 0.28235294
v -2.47500000 4.96500002 0.60000000 0.27450980 0.27450980 0.28235294
v -2.47500000 4.88500002 0.60000000 0.27450980 0.27450980 0.28235294
v -2.52500000 4.88500002 0.60000000 0.27450980 0.27450980 0.28235294
v -2.52500000 4.96500002 0.60000000 0.27450980 0.27450980 0.28235294
v -2.47500000 4.96500002 2.80000000 0.27450980 0.27450980 0.28235294
v -2.47500000 4.88500002 2.80000000 0.27450980 0.27450980 0.28235294
v -2.52500000 4.88500002 2.80000000 0.27450980 0.27450980 0.28235294
v -2.52500000 4.96500002 2.80000000 0.27450980 0.27450980 0.28235294
v -0.50000000 4.96500002 0.60000000 0.27450980 0.27450980 0.28235294
v -0.50000000 4.88500002 0.60000000 0.27450980 0.27450980 0.28235294
v -0.55000000 4.88500002 0.60000000 0.27450980 0.27450980 0.28235294
v -0.55000000 4.96500002 0.60000000 0.27450980 0.27450980 0.28235294
v -0.50000000 4.96500002 2.80000000 0.27450980 0.27450980 0.28235294
v -0.50000000 4.88500002 2.80000000 0.27450980 0.27450980 0.28235294
v -0.55000000 4.88500002 2.80000000 0.27450980 0.27450980 0.28235294
v -0.55000000 4.96500002 2.80000000 0.27450980 0.27450980 0.28235294
v -0.50000000 4.88500002 0.60000000 0.27450980 0.27450980 0.28235294
v -0.50000000 4.96500002 0.60000000 0.27450980 0.27450980 0.28235294
v -4.50000000 4.96500002 0.60000000 0.27450980 0.27450980 0.28235294
v -4.50000000 4.88500002 0.60000000 0.27450980 0.27450980 0.28235294
v -0.50000000 4.88500002 0.65000000 0.27450980 0.27450980 0.28235294
v -0.50000000 4.96500002 0.65000000 0.27450980 0.27450980 0.28235294
v -4.50000000 4.96500002 0.65000000 0.27450980 0.27450980 0.28235294
v -4.50000000 4.88500002 0.65000000 0.27450980 0.27450980 0.28235294
v -0.50000000 4.88500002 2.75000000 0.27450980 0.27450980 0.28235294
v -0.50000000 4.96500002 2.75000000 0.27450980 0.27450980 0.28235294
v -4.50000000 4.96500002 2.75000000 0.27450980 0.27450980 0.28235294
v -4.50000000 4.88500002 2.75000000 0.27450980 0.27450980 0.28235294
v -0.50000000 4.88500002 2.80000000 0.27450980 0.27450980 0.28235294
v -0.50000000 4.96500002 2.80000000 0.27450980 0.27450980 0.28235294
v -4.50000000 4.96500002 2.80000000 0.27450980 0.27450980 0.28235294
v -4.50000000 4.88500002 2.80000000 0.27450980 0.27450980 0.28235294
v 1.52500000 7.71500002 0.60000000 0.27450980 0.27450980 0.28235294
v 1.57500000 7.71500002 0.60000000 0.27450980 0.27450980 0.28235294
v 1.57500000 7.63500002 0.60000000 0.27450980 0.27450980 0.28235294
v 1.52500000 7.63500002 0.60000000 0.27450980 0.27450980 0.28235294
v 1.52500000 7.71500002 2.80000000 0.27450980 0.27450980 0.28235294
v 1.57500000 7.71500002 2.80000000 0.27450980 0.27450980 0.28235294
v 1.57500000 7.63500002 2.80000000 0.27450980 0.27450980 0.28235294
v 1.52500000 7.63500002 2.80000000 0.27450980 0.27450980 0.28235294
v 2.80000000 7.71500002 0.60000000 0.27450980 0.27450980 0.28235294
v 2.80000000 7.63500002 0.60000000 0.27450980 0.27450980 0.28235294
v 2.75000000 7.63500002 0.60000000 0.27450980 0.27450980 0.28235294
v 2.75000000 7.71500002 0.60000000 0.27450980 0.27450980 0.28235294
v 2.80000000 7.71500002 2.80000000 0.27450980 0.27450980 0.28235294
v 2.80000000 7.63500002 2.80000000 0.27450980 0.27450980 0.28235294
v 2.75000000 7.63500002 2.80000000 0.27450980 0.27450980 0.28235294
v 2.75000000 7.71500002 2.80000000 0.27450980 0.27450980 0.28235294
v 4.02500000 7.71500002 0.60000000 0.27450980 0.27450980 0.28235294
v 4.02500000 7.63500002 0.60000000 0.27450980 0.27450980 0.28235294
v 3.97500000 7.63500002 0.60000000 0.27450980 0.27450980 0.28235294
v 3.97500000 7.71500002 0.60000000 0.27450980 0.27450980 0.28235294
v 4.02500000 7.71500002 2.80000000 0.27450980 0.27450980 0.28235294
v 4.02500000 7.63500002 2.80000000 0.27450980 0.27450980 0.28235294
v 3.97500000 7.63500002 2.80000000 0.27450980 0.27450980 0.28235294
v 3.97500000 7.71500002 2.80000000 0.27450980 0.27450980 0.28235294
v 4.02500000 7.63500002 0.60000000 0.27450980 0.27450980 0.28235294
v 4.02500000 7.71500002 0.60000000 0.27450980 0.27450980 0.28235294
v 1.52500000 7.71500002 0.60000000 0.27450980 0.27450980 0.28235294
v 1.52500000 7.63500002 0.60000000 0.27450980 0.27450980 0.28235294
v 4.02500000 7.63500002 0.65000000 0.27450980 0.27450980 0.28235294
v 4.02500000 7.71500002 0.65000000 0.27450980 0.27450980 0.28235294
v 1.52500000 7.71500002 0.65000000 0.27450980 0.27450980 0.28235294
v 1.52500000 7.63500002 0.65000000 0.27450980 0.27450980 0.28235294
v 4.02500000 7.63500002 2.75000000 0.27450980 0.27450980 0.28235294
v 4.02500000 7.71500002 2.75000000 0.27450980 0.27450980 0.28235294
v 1.52500000 7.71500002 2.75000000 0.27450980 0.27450980 0.28235294
v 1.52500000 7.63500002 2.75000000 0.27450980 0.27450980 0.28235294
v 4.02500000 7.63500002 2.80000000 0.27450980 0.27450980 0.28235294
v 4.02500000 7.71500002 2.80000000 0.27450980 0.27450980 0.28235294
v 1.52500000 7.71500002 2.80000000 0.27450980 0.27450980 0.28235294
v 1.52500000 7.63500002 2.80000000 0.27450980 0.27450980 0.28235294
v 2.07500000 -7.63499998 1.30000000 0.27450980 0.27450980 0.28235294
v 2.12500000 -7.63499998 1.30000000 0.27450980 0.27450980 0.28235294
v 2.12500000 -7.71499998 1.30000000 0.27450980 0.27450980 0.28235294
v 2.07500000 -7.71499998 1.30000000 0.27450980 0.27450980 0.28235294
v 2.07500000 -7.63499998 2.80000000 0.27450980 0.27450980 0.28235294
v 2.12500000 -7.63499998 2.80000000 0.27450980 0.27450980 0.28235294
v 2.12500000 -7.71499998 2.80000000 0.27450980 0.27450980 0.28235294
v 2.07500000 -7.71499998 2.80000000 0.27450980 0.27450980 0.28235294
v 2.85000000 -7.63499998 1.30000000 0.27450980 0.27450980 0.28235294
v 2.85000000 -7.71499998 1.30000000 0.27450980 0.27450980 0.28235294
v 2.80000000 -7.71499998 1.30000000 0.27450980 0.27450980 0.28235294
v 2.80000000 -7.63499998 1.30000000 0.27450980 0.27450980 0.28235294
v 2.85000000 -7.63499998 2.80000000 0.27450980 0.27450980 0.28235294
v 2.85000000 -7.71499998 2.80000000 0.27450980 0.27450980 0.28235294
v 2.80000000 -7.71499998 2.80000000 0.27450980 0.27450980 0.28235294
v 2.80000000 -7.63499998 2.80000000 0.27450980 0.27450980 0.28235294
v 3.57500000 -7.63499998 1.30000000 0.27450980 0.27450980 0.28235294
v 3.57500000 -7.71499998 1.30000000 0.27450980 0.27450980 0.28235294
v 3.52500000 -7.71499998 1.30000000 0.27450980 0.27450980 0.28235294
v 3.52500000 -7.63499998 1.30000000 0.27450980 0.27450980 0.28235294
v 3.57500000 -7.63499998 2.80000000 0.27450980 0.27450980 0.28235294
v 3.57500000 -7.71499998 2.80000000 0.27450980 0.27450980 0.28235294
v 3.52500000 -7.71499998 2.80000000 0.27450980 0.27450980 0.28235294
v 3.52500000 -7.63499998 2.80000000 0.27450980 0.27450980 0.28235294
v 3.57500000 -7.71499998 1.30000000 0.27450980 0.27450980 0.28235294
v 3.57500000 -7.63499998 1.30000000 0.27450980 0.27450980 0.28235294
v 2.07500000 -7.63499998 1.30000000 0.27450980 0.27450980 0.28235294
v 2.07500000 -7.71499998 1.30000000 0.27450980 0.27450980 0.28235294
v 3.57500000 -7.71499998 1.35000000 0.27450980 0.27450980 0.28235294
v 3.57500000 -7.63499998 1.35000000 0.27450980 0.27450980 0.28235294
v 2.07500000 -7.63499998 1.35000000 0.27450980 0.27450980 0.28235294
v 2.07500000 -7.71499998 1.35000000 0.27450980 0.27450980 0.28235294
v 3.57500000 -7.71499998 2.75000000 0.27450980 0.27450980 0.28235294
v 3.57500000 -7.63499998 2.75000000 0.27450980 0.27450980 0.28235294
v 2.07500000 -7.63499998 2.75000000 0.27450980 0.27450980 0.28235294
v 2.07500000 -7.71499998 2.75000000 0.27450980 0.27450980 0.28235294
v 3.57500000 -7.71499998 2.80000000 0.27450980 0.27450980 0.28235294
v 3.57500000 -7.63499998 2.80000000 0.27450980 0.27450980 0.28235294
v 2.07500000 -7.63499998 2.80000000 0.27450980 0.27450980 0.28235294
v 2.07500000 -7.71499998 2.80000000 0.27450980 0.27450980 0.28235294
v 5.31000000 -2.49999998 1.30000000 0.27450980 0.27450980 0.28235294
v 5.39000000 -2.49999998 1.30000000 0.27450980 0.27450980 0.28235294
v 5.39000000 -2.54999998 1.30000000 0.27450980 0.27450980 0.28235294
v 5.31000000 -2.54999998 1.30000000 0.27450980 0.27450980 0.28235294
v 5.31000000 -2.49999998 2.80000000 0.27450980 0.27450980 0.28235294
v 5.39000000 -2.49999998 2.80000000 0.27450980 0.27450980 0.28235294
v 5.39000000 -2.54999998 2.80000000 0.27450980 0.27450980 0.28235294
v 5.31000000 -2.54999998 2.80000000 0.27450980 0.27450980 0.28235294
v 5.39000000 -1.77499998 1.30000000 0.27450980 0.27450980 0.28235294
v 5.39000000 -1.82499998 1.30000000 0.27450980 0.27450980 0.28235294
v 5.31000000 -1.82499998 1.30000000 0.27450980 0.27450980 0.28235294
v 5.31000000 -1.77499998 1.30000000 0.27450980 0.27450980 0.28235294
v 5.39000000 -1.77499998 2.80000000 0.27450980 0.27450980 0.28235294
v 5.39000000 -1.82499998 2.80000000 0.27450980 0.27450980 0.28235294
v 5.31000000 -1.82499998 2.80000000 0.27450980 0.27450980 0.28235294
v 5.31000000 -1.77499998 2.80000000 0.27450980 0.27450980 0.28235294
v 5.39000000 -1.04999998 1.30000000 0.27450980 0.27450980 0.28235294
v 5.39000000 -1.09999998 1.30000000 0.27450980 0.27450980 0.28235294
v 5.31000000 -1.09999998 1.30000000 0.27450980 0.27450980 0.28235294
v 5.31000000 -1.04999998 1.30000000 0.27450980 0.27450980 0.28235294
v 5.39000000 -1.04999998 2.80000000 0.27450980 0.27450980 0.28235294
v 5.39000000 -1.09999998 2.80000000 0.27450980 0.27450980 0.28235294
v 5.31000000 -1.09999998 2.80000000 0.27450980 0.27450980 0.28235294
v 5.31000000 -1.04999998 2.80000000 0.27450980 0.27450980 0.28235294
v 5.39000000 -2.54999998 1.30000000 0.27450980 0.27450980 0.28235294
v 5.39000000 -1.04999998 1.30000000 0.27450980 0.27450980 0.28235294
v 5.31000000 -1.04999998 1.30000000 0.27450980 0.27450980 0.28235294
v 5.31000000 -2.54999998 1.30000000 0.27450980 0.27450980 0.28235294
v 5.39000000 -2.54999998 1.35000000 0.27450980 0.27450980 0.28235294
v 5.39000000 -1.04999998 1.35000000 0.27450980 0.27450980 0.28235294
v 5.31000000 -1.04999998 1.35000000 0.27450980 0.27450980 0.28235294
v 5.31000000 -2.54999998 1.35000000 0.27450980 0.27450980 0.28235294
v 5.39000000 -2.54999998 2.75000000 0.27450980 0.27450980 0.28235294
v 5.39000000 -1.04999998 2.75000000 0.27450980 0.27450980 0.28235294
v 5.31000000 -1.04999998 2.75000000 0.27450980 0.27450980 0.28235294
v 5.31000000 -2.54999998 2.75000000 0.27450980 0.27450980 0.28235294
v 5.39000000 -2.54999998 2.80000000 0.27450980 0.27450980 0.28235294
v 5.39000000 -1.04999998 2.80000000 0.27450980 0.27450980 0.28235294
v 5.31000000 -1.04999998 2.80000000 0.27450980 0.27450980 0.28235294
v 5.31000000 -2.54999998 2.80000000 0.27450980 0.27450980 0.28235294
v -5.39000000 -1.29999998 1.30000000 0.27450980 0.27450980 0.28235294
v -5.31000000 -1.29999998 1.30000000 0.27450980 0.27450980 0.28235294
v -5.31000000 -1.34999998 1.30000000 0.27450980 0.27450980 0.28235294
v -5.39000000 -1.34999998 1.30000000 0.27450980 0.27450980 0.28235294
v -5.39000000 -1.29999998 2.80000000 0.27450980 0.27450980 0.28235294
v -5.31000000 -1.29999998 2.80000000 0.27450980 0.27450980 0.28235294
v -5.31000000 -1.34999998 2.80000000 0.27450980 0.27450980 0.28235294
v -5.39000000 -1.34999998 2.80000000 0.27450980 0.27450980 0.28235294
v -5.31000000 -0.69999998 1.30000000 0.27450980 0.27450980 0.28235294
v -5.31000000 -0.74999998 1.30000000 0.27450980 0.27450980 0.28235294
v -5.39000000 -0.74999998 1.30000000 0.27450980 0.27450980 0.28235294
v -5.39000000 -0.69999998 1.30000000 0.27450980 0.27450980 0.28235294
v -5.31000000 -0.69999998 2.80000000 0.27450980 0.27450980 0.28235294
v -5.31000000 -0.74999998 2.80000000 0.27450980 0.27450980 0.28235294
v -5.39000000 -0.74999998 2.80000000 0.27450980 0.27450980 0.28235294
v -5.39000000 -0.69999998 2.80000000 0.27450980 0.27450980 0.28235294
v -5.31000000 -0.09999998 1.30000000 0.27450980 0.27450980 0.28235294
v -5.31000000 -0.14999998 1.30000000 0.27450980 0.27450980 0.28235294
v -5.39000000 -0.14999998 1.30000000 0.27450980 0.27450980 0.28235294
v -5.39000000 -0.09999998 1.30000000 0.27450980 0.27450980 0.28235294
v -5.31000000 -0.09999998 2.80000000 0.27450980 0.27450980 0.28235294
v -5.31000000 -0.14999998 2.80000000 0.27450980 0.27450980 0.28235294
v -5.39000000 -0.14999998 2.80000000 0.27450980 0.27450980 0.28235294
v -5.39000000 -0.09999998 2.80000000 0.27450980 0.27450980 0.28235294
v -5.31000000 -1.34999998 1.30000000 0.27450980 0.27450980 0.28235294
v -5.31000000 -0.09999998 1.30000000 0.27450980 0.27450980 0.28235294
v -5.39000000 -0.09999998 1.30000000 0.27450980 0.27450980 0.28235294
v -5.39000000 -1.34999998 1.30000000 0.27450980 0.27450980 0.28235294
v -5.31000000 -1.34999998 1.35000000 0.27450980 0.27450980 0.28235294
v -5.31000000 -0.09999998 1.35000000 0.27450980 0.27450980 0.28235294
v -5.39000000 -0.09999998 1.35000000 0.27450980 0.27450980 0.28235294
v -5.39000000 -1.34999998 1.35000000 0.27450980 0.27450980 0.28235294
v -5.31000000 -1.34999998 2.75000000 0.27450980 0.27450980 0.28235294
v -5.31000000 -0.09999998 2.75000000 0.27450980 0.27450980 0.28235294
v -5.39000000 -0.09999998 2.75000000 0.27450980 0.27450980 0.28235294
v -5.39000000 -1.34999998 2.75000000 0.27450980 0.27450980 0.28235294
v -5.31000000 -1.34999998 2.80000000 0.27450980 0.27450980 0.28235294
v -5.31000000 -0.09999998 2.80000000 0.27450980 0.27450980 0.28235294
v -5.39000000 -0.09999998 2.80000000 0.27450980 0.27450980 0.28235294
v -5.39000000 -1.34999998 2.80000000 0.27450980 0.27450980 0.28235294
v 5.31000000 3.05000002 2.20000000 0.27450980 0.27450980 0.28235294
v 5.39000000 3.05000002 2.20000000 0.27450980 0.27450980 0.28235294
v 5.39000000 3.00000002 2.20000000 0.27450980 0.27450980 0.28235294
v 5.31000000 3.00000002 2.20000000 0.27450980 0.27450980 0.28235294
v 5.31000000 3.05000002 2.80000000 0.27450980 0.27450980 0.28235294
v 5.39000000 3.05000002 2.80000000 0.27450980 0.27450980 0.28235294
v 5.39000000 3.00000002 2.80000000 0.27450980 0.27450980 0.28235294
v 5.31000000 3.00000002 2.80000000 0.27450980 0.27450980 0.28235294
v 5.39000000 3.32500002 2.20000000 0.27450980 0.27450980 0.28235294
v 5.39000000 3.27500002 2.20000000 0.27450980 0.27450980 0.28235294
v 5.31000000 3.27500002 2.20000000 0.27450980 0.27450980 0.28235294
v 5.31000000 3.32500002 2.20000000 0.27450980 0.27450980 0.28235294
v 5.39000000 3.32500002 2.80000000 0.27450980 0.27450980 0.28235294
v 5.39000000 3.27500002 2.80000000 0.27450980 0.27450980 0.28235294
v 5.31000000 3.27500002 2.80000000 0.27450980 0.27450980 0.28235294
v 5.31000000 3.32500002 2.80000000 0.27450980 0.27450980 0.28235294
v 5.39000000 3.60000002 2.20000000 0.27450980 0.27450980 0.28235294
v 5.39000000 3.55000002 2.20000000 0.27450980 0.27450980 0.28235294
v 5.31000000 3.55000002 2.20000000 0.27450980 0.27450980 0.28235294
v 5.31000000 3.60000002 2.20000000 0.27450980 0.27450980 0.28235294
v 5.39000000 3.60000002 2.80000000 0.27450980 0.27450980 0.28235294
v 5.39000000 3.55000002 2.80000000 0.27450980 0.27450980 0.28235294
v 5.31000000 3.55000002 2.80000000 0.27450980 0.27450980 0.28235294
v 5.31000000 3.60000002 2.80000000 0.27450980 0.27450980 0.28235294
v 5.39000000 3.00000002 2.20000000 0.27450980 0.27450980 0.28235294
v 5.39000000 3.60000002 2.20000000 0.27450980 0.27450980 0.28235294
v 5.31000000 3.60000002 2.20000000 0.27450980 0.27450980 0.28235294
v 5.31000000 3.00000002 2.20000000 0.27450980 0.27450980 0.28235294
v 5.39000000 3.00000002 2.25000000 0.27450980 0.27450980 0.28235294
v 5.39000000 3.60000002 2.25000000 0.27450980 0.27450980 0.28235294
v 5.31000000 3.60000002 2.25000000 0.27450980 0.27450980 0.28235294
v 5.31000000 3.00000002 2.25000000 0.27450980 0.27450980 0.28235294
v 5.39000000 3.00000002 2.75000000 0.27450980 0.27450980 0.28235294
v 5.39000000 3.60000002 2.75000000 0.27450980 0.27450980 0.28235294
v 5.31000000 3.60000002 2.75000000 0.27450980 0.27450980 0.28235294
v 5.31000000 3.00000002 2.75000000 0.27450980 0.27450980 0.28235294
v 5.39000000 3.00000002 2.80000000 0.27450980 0.27450980 0.28235294
v 5.39000000 3.60000002 2.80000000 0.27450980 0.27450980 0.28235294
v 5.31000000 3.60000002 2.80000000 0.27450980 0.27450980 0.28235294
v 5.31000000 3.00000002 2.80000000 0.27450980 0.27450980 0.28235294
v 5.31000000 1.20000002 2.20000000 0.27450980 0.27450980 0.28235294
v 5.39000000 1.20000002 2.20000000 0.27450980 0.27450980 0.28235294
v 5.39000000 1.15000002 2.20000000 0.27450980 0.27450980 0.28235294
v 5.31000000 1.15000002 2.20000000 0.27450980 0.27450980 0.28235294
v 5.31000000 1.20000002 2.80000000 0.27450980 0.27450980 0.28235294
v 5.39000000 1.20000002 2.80000000 0.27450980 0.27450980 0.28235294
v 5.39000000 1.15000002 2.80000000 0.27450980 0.27450980 0.28235294
v 5.31000000 1.15000002 2.80000000 0.27450980 0.27450980 0.28235294
v 5.39000000 1.47500002 2.20000000 0.27450980 0.27450980 0.28235294
v 5.39000000 1.42500002 2.20000000 0.27450980 0.27450980 0.28235294
v 5.31000000 1.42500002 2.20000000 0.27450980 0.27450980 0.28235294
v 5.31000000 1.47500002 2.20000000 0.27450980 0.27450980 0.28235294
v 5.39000000 1.47500002 2.80000000 0.27450980 0.27450980 0.28235294
v 5.39000000 1.42500002 2.80000000 0.27450980 0.27450980 0.28235294
v 5.31000000 1.42500002 2.80000000 0.27450980 0.27450980 0.28235294
v 5.31000000 1.47500002 2.80000000 0.27450980 0.27450980 0.28235294
v 5.39000000 1.75000002 2.20000000 0.27450980 0.27450980 0.28235294
v 5.39000000 1.70000002 2.20000000 0.27450980 0.27450980 0.28235294
v 5.31000000 1.70000002 2.20000000 0.27450980 0.27450980 0.28235294
v 5.31000000 1.75000002 2.20000000 0.27450980 0.27450980 0.28235294
v 5.39000000 1.75000002 2.80000000 0.27450980 0.27450980 0.28235294
v 5.39000000 1.70000002 2.80000000 0.27450980 0.27450980 0.28235294
v 5.31000000 1.70000002 2.80000000 0.27450980 0.27450980 0.28235294
v 5.31000000 1.75000002 2.80000000 0.27450980 0.27450980 0.28235294
v 5.39000000 1.15000002 2.20000000 0.27450980 0.27450980 0.28235294
v 5.39000000 1.75000002 2.20000000 0.27450980 0.27450980 0.28235294
v 5.31000000 1.75000002 2.20000000 0.27450980 0.27450980 0.28235294
v 5.31000000 1.15000002 2.20000000 0.27450980 0.27450980 0.28235294
v 5.39000000 1.15000002 2.25000000 0.27450980 0.27450980 0.28235294
v 5.39000000 1.75000002 2.25000000 0.27450980 0.27450980 0.28235294
v 5.31000000 1.75000002 2.25000000 0.27450980 0.27450980 0.28235294
v 5.31000000 1.15000002 2.25000000 0.27450980 0.27450980 0.28235294
v 5.39000000 1.15000002 2.75000000 0.27450980 0.27450980 0.28235294
v 5.39000000 1.75000002 2.75000000 0.27450980 0.27450980 0.28235294
v 5.31000000 1.75000002 2.75000000 0.27450980 0.27450980 0.28235294
v 5.31000000 1.15000002 2.75000000 0.27450980 0.27450980 0.28235294
v 5.39000000 1.15000002 2.80000000 0.27450980 0.27450980 0.28235294
v 5.39000000 1.75000002 2.80000000 0.27450980 0.27450980 0.28235294
v 5.31000000 1.75000002 2.80000000 0.27450980 0.27450980 0.28235294
v 5.31000000 1.15000002 2.80000000 0.27450980 0.27450980 0.28235294
v -0.62500000 -7.63499998 2.20000000 0.27450980 0.27450980 0.28235294
v -0.57500000 -7.63499998 2.20000000 0.27450980 0.27450980 0.28235294
v -0.57500000 -7.71499998 2.20000000 0.27450980 0.27450980 0.28235294
v -0.62500000 -7.71499998 2.20000000 0.27450980 0.27450980 0.28235294
v -0.62500000 -7.63499998 2.80000000 0.27450980 0.27450980 0.28235294
v -0.57500000 -7.63499998 2.80000000 0.27450980 0.27450980 0.28235294
v -0.57500000 -7.71499998 2.80000000 0.27450980 0.27450980 0.28235294
v -0.62500000 -7.71499998 2.80000000 0.27450980 0.27450980 0.28235294
v -0.30000000 -7.63499998 2.20000000 0.27450980 0.27450980 0.28235294
v -0.30000000 -7.71499998 2.20000000 0.27450980 0.27450980 0.28235294
v -0.35000000 -7.71499998 2.20000000 0.27450980 0.27450980 0.28235294
v -0.35000000 -7.63499998 2.20000000 0.27450980 0.27450980 0.28235294
v -0.30000000 -7.63499998 2.80000000 0.27450980 0.27450980 0.28235294
v -0.30000000 -7.71499998 2.80000000 0.27450980 0.27450980 0.28235294
v -0.35000000 -7.71499998 2.80000000 0.27450980 0.27450980 0.28235294
v -0.35000000 -7.63499998 2.80000000 0.27450980 0.27450980 0.28235294
v -0.02500000 -7.63499998 2.20000000 0.27450980 0.27450980 0.28235294
v -0.02500000 -7.71499998 2.20000000 0.27450980 0.27450980 0.28235294
v -0.07500000 -7.71499998 2.20000000 0.27450980 0.27450980 0.28235294
v -0.07500000 -7.63499998 2.20000000 0.27450980 0.27450980 0.28235294
v -0.02500000 -7.63499998 2.80000000 0.27450980 0.27450980 0.28235294
v -0.02500000 -7.71499998 2.80000000 0.27450980 0.27450980 0.28235294
v -0.07500000 -7.71499998 2.80000000 0.27450980 0.27450980 0.28235294
v -0.07500000 -7.63499998 2.80000000 0.27450980 0.27450980 0.28235294
v -0.02500000 -7.71499998 2.20000000 0.27450980 0.27450980 0.28235294
v -0.02500000 -7.63499998 2.20000000 0.27450980 0.27450980 0.28235294
v -0.62500000 -7.63499998 2.20000000 0.27450980 0.27450980 0.28235294
v -0.62500000 -7.71499998 2.20000000 0.27450980 0.27450980 0.28235294
v -0.02500000 -7.71499998 2.25000000 0.27450980 0.27450980 0.28235294
v -0.02500000 -7.63499998 2.25000000 0.27450980 0.27450980 0.28235294
v -0.62500000 -7.63499998 2.25000000 0.27450980 0.27450980 0.28235294
v -0.62500000 -7.71499998 2.25000000 0.27450980 0.27450980 0.28235294
v -0.02500000 -7.71499998 2.75000000 0.27450980 0.27450980 0.28235294
v -0.02500000 -7.63499998 2.75000000 0.27450980 0.27450980 0.28235294
v -0.62500000 -7.63499998 2.75000000 0.27450980 0.27450980 0.28235294
v -0.62500000 -7.71499998 2.75000000 0.27450980 0.27450980 0.28235294
v -0.02500000 -7.71499998 2.80000000 0.27450980 0.27450980 0.28235294
v -0.02500000 -7.63499998 2.80000000 0.27450980 0.27450980 0.28235294
v -0.62500000 -7.63499998 2.80000000 0.27450980 0.27450980 0.28235294
v -0.62500000 -7.71499998 2.80000000 0.27450980 0.27450980 0.28235294
v -2.40000000 -7.63499998 2.20000000 0.27450980 0.27450980 0.28235294
v -2.35000000 -7.63499998 2.20000000 0.27450980 0.27450980 0.28235294
v -2.35000000 -7.71499998 2.20000000 0.27450980 0.27450980 0.28235294
v -2.40000000 -7.71499998 2.20000000 0.27450980 0.27450980 0.28235294
v -2.40000000 -7.63499998 2.80000000 0.27450980 0.27450980 0.28235294
v -2.35000000 -7.63499998 2.80000000 0.27450980 0.27450980 0.28235294
v -2.35000000 -7.71499998 2.80000000 0.27450980 0.27450980 0.28235294
v -2.40000000 -7.71499998 2.80000000 0.27450980 0.27450980 0.28235294
v -2.07500000 -7.63499998 2.20000000 0.27450980 0.27450980 0.28235294
v -2.07500000 -7.71499998 2.20000000 0.27450980 0.27450980 0.28235294
v -2.12500000 -7.71499998 2.20000000 0.27450980 0.27450980 0.28235294
v -2.12500000 -7.63499998 2.20000000 0.27450980 0.27450980 0.28235294
v -2.07500000 -7.63499998 2.80000000 0.27450980 0.27450980 0.28235294
v -2.07500000 -7.71499998 2.80000000 0.27450980 0.27450980 0.28235294
v -2.12500000 -7.71499998 2.80000000 0.27450980 0.27450980 0.28235294
v -2.12500000 -7.63499998 2.80000000 0.27450980 0.27450980 0.28235294
v -1.80000000 -7.63499998 2.20000000 0.27450980 0.27450980 0.28235294
v -1.80000000 -7.71499998 2.20000000 0.27450980 0.27450980 0.28235294
v -1.85000000 -7.71499998 2.20000000 0.27450980 0.27450980 0.28235294
v -1.85000000 -7.63499998 2.20000000 0.27450980 0.27450980 0.28235294
v -1.80000000 -7.63499998 2.80000000 0.27450980 0.27450980 0.28235294
v -1.80000000 -7.71499998 2.80000000 0.27450980 0.27450980 0.28235294
v -1.85000000 -7.71499998 2.80000000 0.27450980 0.27450980 0.28235294
v -1.85000000 -7.63499998 2.80000000 0.27450980 0.27450980 0.28235294
v -1.80000000 -7.71499998 2.20000000 0.27450980 0.27450980 0.28235294
v -1.80000000 -7.63499998 2.20000000 0.27450980 0.27450980 0.28235294
v -2.40000000 -7.63499998 2.20000000 0.27450980 0.27450980 0.28235294
v -2.40000000 -7.71499998 2.20000000 0.27450980 0.27450980 0.28235294
v -1.80000000 -7.71499998 2.25000000 0.27450980 0.27450980 0.28235294
v -1.80000000 -7.63499998 2.25000000 0.27450980 0.27450980 0.28235294
v -2.40000000 -7.63499998 2.25000000 0.27450980 0.27450980 0.28235294
v -2.40000000 -7.71499998 2.25000000 0.27450980 0.27450980 0.28235294
v -1.80000000 -7.71499998 2.75000000 0.27450980 0.27450980 0.28235294
v -1.80000000 -7.63499998 2.75000000 0.27450980 0.27450980 0.28235294
v -2.40000000 -7.63499998 2.75000000 0.27450980 0.27450980 0.28235294
v -2.40000000 -7.71499998 2.75000000 0.27450980 0.27450980 0.28235294
v -1.80000000 -7.71499998 2.80000000 0.27450980 0.27450980 0.28235294
v -1.80000000 -7.63499998 2.80000000 0.27450980 0.27450980 0.28235294
v -2.40000000 -7.63499998 2.80000000 0.27450980 0.27450980 0.28235294
v -2.40000000 -7.71499998 2.80000000 0.27450980 0.27450980 0.28235294
f 863 864 861
f 862 863 861
f 865 868 867
f 865 867 866
f 865 866 861
f 861 866 862
f 866 867 862
f 862 867 863
f 868 865 864
f 864 865 861
f 867 868 863
f 863 868 864
f 871 872 869
f 870 871 869
f 873 876 875
f 873 875 874
f 873 874 869
f 869 874 870
f 874 875 870
f 870 875 871
f 876 873 872
f 872 873 869
f 875 876 871
f 871 876 872
f 879 880 877
f 878 879 877
f 881 884 883
f 881 883 882
f 881 882 877
f 877 882 878
f 882 883 878
f 878 883 879
f 884 881 880
f 880 881 877
f 883 884 879
f 879 884 880
f 886 885 888
f 887 886 888
f 892 889 890
f 892 890 891
f 890 889 886
f 886 889 885
f 891 890 887
f 887 890 886
f 889 892 885
f 885 892 888
f 892 891 888
f 888 891 887
f 894 893 896
f 895 894 896
f 900 897 898
f 900 898 899
f 898 897 894
f 894 897 893
f 899 898 895
f 895 898 894
f 897 900 893
f 893 900 896
f 900 899 896
f 896 899 895
f 903 904 901
f 902 903 901
f 905 908 907
f 905 907 906
f 905 906 901
f 901 906 902
f 906 907 902
f 902 907 903
f 908 905 904
f 904 905 901
f 907 908 903
f 903 908 904
f 911 912 909
f 910 911 909
f 913 916 915
f 913 915 914
f 913 914 909
f 909 914 910
f 914 915 910
f 910 915 911
f 916 913 912
f 912 913 909
f 915 916 911
f 911 916 912
f 919 920 917
f 918 919 917
f 921 924 923
f 921 923 922
f 921 922 917
f 917 922 918
f 922 923 918
f 918 923 919
f 924 921 920
f 920 921 917
f 923 924 919
f 919 924 920
f 926 925 928
f 927 926 928
f 932 929 930
f 932 930 931
f 930 929 926
f 926 929 925
f 931 930 927
f 927 930 926
f 929 932 925
f 925 932 928
f 932 931 928
f 928 931 927
f 934 933 936
f 935 934 936
f 940 937 938
f 940 938 939
f 938 937 934
f 934 937 933
f 939 938 935
f 935 938 934
f 937 940 933
f 933 940 936
f 940 939 936
f 936 939 935
f 943 944 941
f 942 943 941
f 945 948 947
f 945 947 946
f 945 946 941
f 941 946 942
f 946 947 942
f 942 947 943
f 948 945 944
f 944 945 941
f 947 948 943
f 943 948 944
f 951 952 949
f 950 951 949
f 953 956 955
f 953 955 954
f 953 954 949
f 949 954 950
f 954 955 950
f 950 955 951
f 956 953 952
f 952 953 949
f 955 956 951
f 951 956 952
f 959 960 957
f 958 959 957
f 961 964 963
f 961 963 962
f 961 962 957
f 957 962 958
f 962 963 958
f 958 963 959
f 964 961 960
f 960 961 957
f 963 964 959
f 959 964 960
f 966 965 968
f 967 966 968
f 972 969 970
f 972 970 971
f 970 969 966
f 966 969 965
f 971 970 967
f 967 970 966
f 969 972 965
f 965 972 968
f 972 971 968
f 968 971 967
f 974 973 976
f 975 974 976
f 980 977 978
f 980 978 979
f 978 977 974
f 974 977 973
f 979 978 975
f 975 978 974
f 977 980 973
f 973 980 976
f 980 979 976
f 976 979 975
f 983 984 981
f 982 983 981
f 985 988 987
f 985 987 986
f 985 986 981
f 981 986 982
f 986 987 982
f 982 987 983
f 988 985 984
f 984 985 981
f 987 988 983
f 983 988 984
f 991 992 989
f 990 991 989
f 993 996 995
f 993 995 994
f 993 994 989
f 989 994 990
f 994 995 990
f 990 995 991
f 996 993 992
f 992 993 989
f 995 996 991
f 991 996 992
f 999 1000 997
f 998 999 997
f 1001 1004 1003
f 1001 1003 1002
f 1001 1002 997
f 997 1002 998
f 1002 1003 998
f 998 1003 999
f 1004 1001 1000
f 1000 1001 997
f 1003 1004 999
f 999 1004 1000
f 1006 1005 1008
f 1007 1006 1008
f 1012 1009 1010
f 1012 1010 1011
f 1010 1009 1006
f 1006 1009 1005
f 1011 1010 1007
f 1007 1010 1006
f 1009 1012 1005
f 1005 1012 1008
f 1012 1011 1008
f 1008 1011 1007
f 1014 1013 1016
f 1015 1014 1016
f 1020 1017 1018
f 1020 1018 1019
f 1018 1017 1014
f 1014 1017 1013
f 1019 1018 1015
f 1015 1018 1014
f 1017 1020 1013
f 1013 1020 1016
f 1020 1019 1016
f 1016 1019 1015
f 1023 1024 1021
f 1022 1023 1021
f 1025 1028 1027
f 1025 1027 1026
f 1025 1026 1021
f 1021 1026 1022
f 1026 1027 1022
f 1022 1027 1023
f 1028 1025 1024
f 1024 1025 1021
f 1027 1028 1023
f 1023 1028 1024
f 1031 1032 1029
f 1030 1031 1029
f 1033 1036 1035
f 1033 1035 1034
f 1033 1034 1029
f 1029 1034 1030
f 1034 1035 1030
f 1030 1035 1031
f 1036 1033 1032
f 1032 1033 1029
f 1035 1036 1031
f 1031 1036 1032
f 1039 1040 1037
f 1038 1039 1037
f 1041 1044 1043
f 1041 1043 1042
f 1041 1042 1037
f 1037 1042 1038
f 1042 1043 1038
f 1038 1043 1039
f 1044 1041 1040
f 1040 1041 1037
f 1043 1044 1039
f 1039 1044 1040
f 1046 1045 1048
f 1047 1046 1048
f 1052 1049 1050
f 1052 1050 1051
f 1050 1049 1046
f 1046 1049 1045
f 1051 1050 1047
f 1047 1050 1046
f 1049 1052 1045
f 1045 1052 1048
f 1052 1051 1048
f 1048 1051 1047
f 1054 1053 1056
f 1055 1054 1056
f 1060 1057 1058
f 1060 1058 1059
f 1058 1057 1054
f 1054 1057 1053
f 1059 1058 1055
f 1055 1058 1054
f 1057 1060 1053
f 1053 1060 1056
f 1060 1059 1056
f 1056 1059 1055
f 1063 1064 1061
f 1062 1063 1061
f 1065 1068 1067
f 1065 1067 1066
f 1065 1066 1061
f 1061 1066 1062
f 1066 1067 1062
f 1062 1067 1063
f 1068 1065 1064
f 1064 1065 1061
f 1067 1068 1063
f 1063 1068 1064
f 1071 1072 1069
f 1070 1071 1069
f 1073 1076 1075
f 1073 1075 1074
f 1073 1074 1069
f 1069 1074 1070
f 1074 1075 1070
f 1070 1075 1071
f 1076 1073 1072
f 1072 1073 1069
f 1075 1076 1071
f 1071 1076 1072
f 1079 1080 1077
f 1078 1079 1077
f 1081 1084 1083
f 1081 1083 1082
f 1081 1082 1077
f 1077 1082 1078
f 1082 1083 1078
f 1078 1083 1079
f 1084 1081 1080
f 1080 1081 1077
f 1083 1084 1079
f 1079 1084 1080
f 1086 1085 1088
f 1087 1086 1088
f 1092 1089 1090
f 1092 1090 1091
f 1090 1089 1086
f 1086 1089 1085
f 1091 1090 1087
f 1087 1090 1086
f 1089 1092 1085
f 1085 1092 1088
f 1092 1091 1088
f 1088 1091 1087
f 1094 1093 1096
f 1095 1094 1096
f 1100 1097 1098
f 1100 1098 1099
f 1098 1097 1094
f 1094 1097 1093
f 1099 1098 1095
f 1095 1098 1094
f 1097 1100 1093
f 1093 1100 1096
f 1100 1099 1096
f 1096 1099 1095
f 1103 1104 1101
f 1102 1103 1101
f 1105 1108 1107
f 1105 1107 1106
f 1105 1106 1101
f 1101 1106 1102
f 1106 1107 1102
f 1102 1107 1103
f 1108 1105 1104
f 1104 1105 1101
f 1107 1108 1103
f 1103 1108 1104
f 1111 1112 1109
f 1110 1111 1109
f 1113 1116 1115
f 1113 1115 1114
f 1113 1114 1109
f 1109 1114 1110
f 1114 1115 1110
f 1110 1115 1111
f 1116 1113 1112
f 1112 1113 1109
f 1115 1116 1111
f 1111 1116 1112
f 1119 1120 1117
f 1118 1119 1117
f 1121 1124 1123
f 1121 1123 1122
f 1121 1122 1117
f 1117 1122 1118
f 1122 1123 1118
f 1118 1123 1119
f 1124 1121 1120
f 1120 1121 1117
f 1123 1124 1119
f 1119 1124 1120
f 1126 1125 1128
f 1127 1126 1128
f 1132 1129 1130
f 1132 1130 1131
f 1130 1129 1126
f 1126 1129 1125
f 1131 1130 1127
f 1127 1130 1126
f 1129 1132 1125
f 1125 1132 1128
f 1132 1131 1128
f 1128 1131 1127
f 1134 1133 1136
f 1135 1134 1136
f 1140 1137 1138
f 1140 1138 1139
f 1138 1137 1134
f 1134 1137 1133
f 1139 1138 1135
f 1135 1138 1134
f 1137 1140 1133
f 1133 1140 1136
f 1140 1139 1136
f 1136 1139 1135
f 1143 1144 1141
f 1142 1143 1141
f 1145 1148 1147
f 1145 1147 1146
f 1145 1146 1141
f 1141 1146 1142
f 1146 1147 1142
f 1142 1147 1143
f 1148 1145 1144
f 1144 1145 1141
f 1147 1148 1143
f 1143 1148 1144
f 1151 1152 1149
f 1150 1151 1149
f 1153 1156 1155
f 1153 1155 1154
f 1153 1154 1149
f 1149 1154 1150
f 1154 1155 1150
f 1150 1155 1151
f 1156 1153 1152
f 1152 1153 1149
f 1155 1156 1151
f 1151 1156 1152
f 1159 1160 1157
f 1158 1159 1157
f 1161 1164 1163
f 1161 1163 1162
f 1161 1162 1157
f 1157 1162 1158
f 1162 1163 1158
f 1158 1163 1159
f 1164 1161 1160
f 1160 1161 1157
f 1163 1164 1159
f 1159 1164 1160
f 1166 1165 1168
f 1167 1166 1168
f 1172 1169 1170
f 1172 1170 1171
f 1170 1169 1166
f 1166 1169 1165
f 1171 1170 1167
f 1167 1170 1166
f 1169 1172 1165
f 1165 1172 1168
f 1172 1171 1168
f 1168 1171 1167
f 1174 1173 1176
f 1175 1174 1176
f 1180 1177 1178
f 1180 1178 1179
f 1178 1177 1174
f 1174 1177 1173
f 1179 1178 1175
f 1175 1178 1174
f 1177 1180 1173
f 1173 1180 1176
f 1180 1179 1176
f 1176 1179 1175
f 1183 1184 1181
f 1182 1183 1181
f 1185 1188 1187
f 1185 1187 1186
f 1185 1186 1181
f 1181 1186 1182
f 1186 1187 1182
f 1182 1187 1183
f 1188 1185 1184
f 1184 1185 1181
f 1187 1188 1183
f 1183 1188 1184
f 1191 1192 1189
f 1190 1191 1189
f 1193 1196 1195
f 1193 1195 1194
f 1193 1194 1189
f 1189 1194 1190
f 1194 1195 1190
f 1190 1195 1191
f 1196 1193 1192
f 1192 1193 1189
f 1195 1196 1191
f 1191 1196 1192
f 1199 1200 1197
f 1198 1199 1197
f 1201 1204 1203
f 1201 1203 1202
f 1201 1202 1197
f 1197 1202 1198
f 1202 1203 1198
f 1198 1203 1199
f 1204 1201 1200
f 1200 1201 1197
f 1203 1204 1199
f 1199 1204 1200
f 1206 1205 1208
f 1207 1206 1208
f 1212 1209 1210
f 1212 1210 1211
f 1210 1209 1206
f 1206 1209 1205
f 1211 1210 1207
f 1207 1210 1206
f 1209 1212 1205
f 1205 1212 1208
f 1212 1211 1208
f 1208 1211 1207
f 1214 1213 1216
f 1215 1214 1216
f 1220 1217 1218
f 1220 1218 1219
f 1218 1217 1214
f 1214 1217 1213
f 1219 1218 1215
f 1215 1218 1214
f 1217 1220 1213
f 1213 1220 1216
f 1220 1219 1216
f 1216 1219 1215

o door
v -4.48500000 -5.25999998 0.60000000 0.47058824 0.31372549 0.19607843
v -4.48500000 -5.08999998 0.60000000 0.47058824 0.31372549 0.19607843
v -3.56500000 -5.08999998 0.60000000 0.47058824 0.31372549 0.19607843
v -3.56500000 -5.25999998 0.60000000 0.47058824 0.31372549 0.19607843
v -4.48500000 -5.25999998 2.70000000 0.47058824 0.31372549 0.19607843
v -4.48500000 -5.08999998 2.70000000 0.47058824 0.31372549 0.19607843
v -3.56500000 -5.08999998 2.70000000 0.47058824 0.31372549 0.19607843
v -3.56500000 -5.25999998 2.70000000 0.47058824 0.31372549 0.19607843
f 1223 1224 1221
f 1222 1223 1221
f 1225 1228 1227
f 1225 1227 1226
f 1225 1226 1221
f 1221 1226 1222
f 1226 1227 1222
f 1222 1227 1223
f 1228 1225 1224
f 1224 1225 1221
f 1227 1228 1223
f 1223 1228 1224

o railing
v -5.39836990 5.04937038 1.75000000 0.23529412 0.23529412 0.24313725
v -5.39836990 7.49937038 1.75000000 0.23529412 0.23529412 0.24313725
v -5.47836990 7.49937038 1.75000000 0.23529412 0.23529412 0.24313725
v -5.47836990 5.04937038 1.75000000 0.23529412 0.23529412 0.24313725
v -5.39836990 5.04937038 1.80000000 0.23529412 0.23529412 0.24313725
v -5.39836990 7.49937038 1.80000000 0.23529412 0.23529412 0.24313725
v -5.47836990 7.49937038 1.80000000 0.23529412 0.23529412 0.24313725
v -5.47836990 5.04937038 1.80000000 0.23529412 0.23529412 0.24313725
v -5.41836990 5.03937038 0.60000000 0.23529412 0.23529412 0.24313725
v -5.41836990 5.05937038 0.60000000 0.23529412 0.23529412 0.24313725
v -5.45836990 5.05937038 0.60000000 0.23529412 0.23529412 0.24313725
v -5.45836990 5.03937038 0.60000000 0.23529412 0.23529412 0.24313725
v -5.41836990 5.03937038 1.75000000 0.23529412 0.23529412 0.24313725
v -5.41836990 5.05937038 1.75000000 0.23529412 0.23529412 0.24313725
v -5.45836990 5.05937038 1.75000000 0.23529412 0.23529412 0.24313725
v -5.45836990 5.03937038 1.75000000 0.23529412 0.23529412 0.24313725
v -5.41836990 5.16187038 0.60000000 0.23529412 0.23529412 0.24313725
v -5.41836990 5.18187038 0.60000000 0.23529412 0.23529412 0.24313725
v -5.45836990 5.18187038 0.60000000 0.23529412 0.23529412 0.24313725
v -5.45836990 5.16187038 0.60000000 0.23529412 0.23529412 0.24313725
v -5.41836990 5.16187038 1.75000000 0.23529412 0.23529412 0.24313725
v -5.41836990 5.18187038 1.75000000 0.23529412 0.23529412 0.24313725
v -5.45836990 5.18187038 1.75000000 0.23529412 0.23529412 0.24313725
v -5.45836990 5.16187038 1.75000000 0.23529412 0.23529412 0.24313725
v -5.41836990 5.28437038 0.60000000 0.23529412 0.23529412 0.24313725
v -5.41836990 5.30437038 0.60000000 0.23529412 0.23529412 0.24313725
v -5.45836990 5.30437038 0.60000000 0.23529412 0.23529412 0.24313725
v -5.45836990 5.28437038 0.60000000 0.23529412 0.23529412 0.24313725
v -5.41836990 5.28437038 1.75000000 0.23529412 0.23529412 0.24313725
v -5.41836990 5.30437038 1.75000000 0.23529412 0.23529412 0.24313725
v -5.45836990 5.30437038 1.75000000 0.23529412 0.23529412 0.24313725
v -5.45836990 5.28437038 1.75000000 0.23529412 0.23529412 0.24313725
v -5.41836990 5.40687038 0.60000000 0.23529412 0.23529412 0.24313725
v -5.41836990 5.42687038 0.60000000 0.23529412 0.23529412 0.24313725
v -5.45836990 5.42687038 0.60000000 0.23529412 0.23529412 0.24313725
v -5.45836990 5.40687038 0.60000000 0.23529412 0.23529412 0.24313725
v -5.41836990 5.40687038 1.75000000 0.23529412 0.23529412 0.24313725
v -5.41836990 5.42687038 1.75000000 0.23529412 0.23529412 0.24313725
v -5.45836990 5.42687038 1.75000000 0.23529412 0.23529412 0.24313725
v -5.45836990 5.40687038 1.75000000 0.23529412 0.23529412 0.24313725
v -5.41836990 5.52937038 0.60000000 0.23529412 0.23529412 0.24313725
v -5.41836990 5.54937038 0.60000000 0.23529412 0.23529412 0.24313725
v -5.45836990 5.54937038 0.60000000 0.23529412 0.23529412 0.24313725
v -5.45836990 5.52937038 0.60000000 0.23529412 0.23529412 0.24313725
v -5.41836990 5.52937038 1.75000000 0.23529412 0.23529412 0.24313725
v -5.41836990 5.54937038 1.75000000 0.23529412 0.23529412 0.24313725
v -5.45836990 5.54937038 1.75000000 0.23529412 0.23529412 0.24313725
v -5.45836990 5.52937038 1.75000000 0.23529412 0.23529412 0.24313725
v -5.41836990 5.65187038 0.60000000 0.23529412 0.23529412 0.24313725
v -5.41836990 5.67187038 0.60000000 0.23529412 0.23529412 0.24313725
v -5.45836990 5.67187038 0.60000000 0.23529412 0.23529412 0.24313725
v -5.45836990 5.65187038 0.60000000 0.23529412 0.23529412 0.24313725
v -5.41836990 5.65187038 1.75000000 0.23529412 0.23529412 0.24313725
v -5.41836990 5.67187038 1.75000000 0.23529412 0.23529412 0.24313725
v -5.45836990 5.67187038 1.75000000 0.23529412 0.23529412 0.24313725
v -5.45836990 5.65187038 1.75000000 0.23529412 0.23529412 0.24313725
v -5.41836990 5.77437038 0.60000000 0.23529412 0.23529412 0.24313725
v -5.41836990 5.79437038 0.60000000 0.23529412 0.23529412 0.24313725
v -5.45836990 5.79437038 0.60000000 0.23529412 0.23529412 0.24313725
v -5.45836990 5.77437038 0.60000000 0.23529412 0.23529412 0.24313725
v -5.41836990 5.77437038 1.75000000 0.23529412 0.23529412 0.24313725
v -5.41836990 5.79437038 1.75000000 0.23529412 0.23529412 0.24313725
v -5.45836990 5.79437038 1.75000000 0.23529412 0.23529412 0.24313725
v -5.45836990 5.77437038 1.75000000 0.23529412 0.23529412 0.24313725
v -5.41836990 5.89687038 0.60000000 0.23529412 0.23529412 0.24313725
v -5.41836990 5.91687038 0.60000000 0.23529412 0.23529412 0.24313725
v -5.45836990 5.91687038 0.60000000 0.23529412 0.23529412 0.24313725
v -5.45836990 5.89687038 0.60000000 0.23529412 0.23529412 0.24313725
v -5.41836990 5.89687038 1.75000000 0.23529412 0.23529412 0.24313725
v -5.41836990 5.91687038 1.75000000 0.23529412 0.23529412 0.24313725
v -5.45836990 5.91687038 1.75000000 0.23529412 0.23529412 0.24313725
v -5.45836990 5.89687038 1.75000000 0.23529412 0.23529412 0.24313725
v -5.41836990 6.01937038 0.60000000 0.23529412 0.23529412 0.24313725
v -5.41836990 6.03937038 0.60000000 0.23529412 0.23529412 0.24313725
v -5.45836990 6.03937038 0.60000000 0.23529412 0.23529412 0.24313725
v -5.45836990 6.01937038 0.60000000 0.23529412 0.23529412 0.24313725
v -5.41836990 6.01937038 1.75000000 0.23529412 0.23529412 0.24313725
v -5.41836990 6.03937038 1.75000000 0.23529412 0.23529412 0.24313725
v -5.45836990 6.03937038 1.75000000 0.23529412 0.23529412 0.24313725
v -5.45836990 6.01937038 1.75000000 0.23529412 0.23529412 0.24313725
v -5.41836990 6.14187038 0.60000000 0.23529412 0.23529412 0.24313725
v -5.41836990 6.16187038 0.60000000 0.23529412 0.23529412 0.24313725
v -5.45836990 6.16187038 0.60000000 0.23529412 0.23529412 0.24313725
v -5.45836990 6.14187038 0.60000000 0.23529412 0.23529412 0.24313725
v -5.41836990 6.14187038 1.75000000 0.23529412 0.23529412 0.24313725
v -5.41836990 6.16187038 1.75000000 0.23529412 0.23529412 0.24313725
v -5.45836990 6.16187038 1.75000000 0.23529412 0.23529412 0.24313725
v -5.45836990 6.14187038 1.75000000 0.23529412 0.23529412 0.24313725
v -5.41836990 6.26437038 0.60000000 0.23529412 0.23529412 0.24313725
v -5.41836990 6.28437038 0.60000000 0.23529412 0.23529412 0.24313725
v -5.45836990 6.28437038 0.60000000 0.23529412 0.23529412 0.24313725
v -5.45836990 6.26437038 0.60000000 0.23529412 0.23529412 0.24313725
v -5.41836990 6.26437038 1.75000000 0.23529412 0.23529412 0.24313725
v -5.41836990 6.28437038 1.75000000 0.23529412 0.23529412 0.24313725
v -5.45836990 6.28437038 1.75000000 0.23529412 0.23529412 0.24313725
v -5.45836990 6.26437038 1.75000000 0.23529412 0.23529412 0.24313725
v -5.41836990 6.38687038 0.60000000 0.23529412 0.23529412 0.24313725
v -5.41836990 6.40687038 0.60000000 0.23529412 0.23529412 0.24313725
v -5.45836990 6.40687038 0.60000000 0.23529412 0.23529412 0.24313725
v -5.45836990 6.38687038 0.60000000 0.23529412 0.23529412 0.24313725
v -5.41836990 6.38687038 1.75000000 0.23529412 0.23529412 0.24313725
v -5.41836990 6.40687038 1.75000000 0.23529412 0.23529412 0.24313725
v -5.45836990 6.40687038 1.75000000 0.23529412 0.23529412 0.24313725
v -5.45836990 6.38687038 1.75000000 0.23529412 0.23529412 0.24313725
v -5.41836990 6.50937038 0.60000000 0.23529412 0.23529412 0.24313725
v -5.41836990 6.52937038 0.60000000 0.23529412 0.23529412 0.24313725
v -5.45836990 6.52937038 0.60000000 0.23529412 0.23529412 0.24313725
v -5.45836990 6.50937038 0.60000000 0.23529412 0.23529412 0.24313725
v -5.41836990 6.50937038 1.75000000 0.23529412 0.23529412 0.24313725
v -5.41836990 6.52937038 1.75000000 0.23529412 0.23529412 0.24313725
v -5.45836990 6.52937038 1.75000000 0.23529412 0.23529412 0.24313725
v -5.45836990 6.50937038 1.75000000 0.23529412 0.23529412 0.24313725
v -5.41836990 6.63187038 0.60000000 0.23529412 0.23529412 0.24313725
v -5.41836990 6.65187038 0.60000000 0.23529412 0.23529412 0.24313725
v -5.45836990 6.65187038 0.60000000 0.23529412 0.23529412 0.24313725
v -5.45836990 6.63187038 0.60000000 0.23529412 0.23529412 0.24313725
v -5.41836990 6.63187038 1.75000000 0.23529412 0.23529412 0.24313725
v -5.41836990 6.65187038 1.75000000 0.23529412 0.23529412 0.24313725
v -5.45836990 6.65187038 1.75000000 0.23529412 0.23529412 0.24313725
v -5.45836990 6.63187038 1.75000000 0.23529412 0.23529412 0.24313725
v -5.41836990 6.75437038 0.60000000 0.23529412 0.23529412 0.24313725
v -5.41836990 6.77437038 0.60000000 0.23529412 0.23529412 0.24313725
v -5.45836990 6.77437038 0.60000000 0.23529412 0.23529412 0.24313725
v -5.45836990 6.75437038 0.60000000 0.23529412 0.23529412 0.24313725
v -5.41836990 6.75437038 1.75000000 0.23529412 0.23529412 0.24313725
v -5.41836990 6.77437038 1.75000000 0.23529412 0.23529412 0.24313725
v -5.45836990 6.77437038 1.75000000 0.23529412 0.23529412 0.24313725
v -5.45836990 6.75437038 1.75000000 0.23529412 0.23529412 0.24313725
v -5.41836990 6.87687038 0.60000000 0.23529412 0.23529412 0.24313725
v -5.41836990 6.89687038 0.60000000 0.23529412 0.23529412 0.24313725
v -5.45836990 6.89687038 0.60000000 0.23529412 0.23529412 0.24313725
v -5.45836990 6.87687038 0.60000000 0.23529412 0.23529412 0.24313725
v -5.41836990 6.87687038 1.75000000 0.23529412 0.23529412 0.24313725
v -5.41836990 6.89687038 1.75000000 0.23529412 0.23529412 0.24313725
v -5.45836990 6.89687038 1.75000000 0.23529412 0.23529412 0.24313725
v -5.45836990 6.87687038 1.75000000 0.23529412 0.23529412 0.24313725
v -5.41836990 6.99937038 0.60000000 0.23529412 0.23529412 0.24313725
v -5.41836990 7.01937038 0.60000000 0.23529412 0.23529412 0.24313725
v -5.45836990 7.01937038 0.60000000 0.23529412 0.23529412 0.24313725
v -5.45836990 6.99937038 0.60000000 0.23529412 0.23529412 0.24313725
v -5.41836990 6.99937038 1.75000000 0.23529412 0.23529412 0.24313725
v -5.41836990 7.01937038 1.75000000 0.23529412 0.23529412 0.24313725
v -5.45836990 7.01937038 1.75000000 0.23529412 0.23529412 0.24313725
v -5.45836990 6.99937038 1.75000000 0.23529412 0.23529412 0.24313725
v -5.41836990 7.12187038 0.60000000 0.23529412 0.23529412 0.24313725
v -5.41836990 7.14187038 0.60000000 0.23529412 0.23529412 0.24313725
v -5.45836990 7.14187038 0.60000000 0.23529412 0.23529412 0.24313725
v -5.45836990 7.12187038 0.60000000 0.23529412 0.23529412 0.24313725
v -5.41836990 7.12187038 1.75000000 0.23529412 0.23529412 0.24313725
v -5.41836990 7.14187038 1.75000000 0.23529412 0.23529412 0.24313725
v -5.45836990 7.14187038 1.75000000 0.23529412 0.23529412 0.24313725
v -5.45836990 7.12187038 1.75000000 0.23529412 0.23529412 0.24313725
v -5.41836990 7.24437038 0.60000000 0.23529412 0.23529412 0.24313725
v -5.41836990 7.26437038 0.60000000 0.23529412 0.23529412 0.24313725
v -5.45836990 7.26437038 0.60000000 0.23529412 0.23529412 0.24313725
v -5.45836990 7.24437038 0.60000000 0.23529412 0.23529412 0.24313725
v -5.41836990 7.24437038 1.75000000 0.23529412 0.23529412 0.24313725
v -5.41836990 7.26437038 1.75000000 0.23529412 0.23529412 0.24313725
v -5.45836990 7.26437038 1.75000000 0.23529412 0.23529412 0.24313725
v -5.45836990 7.24437038 1.75000000 0.23529412 0.23529412 0.24313725
v -5.41836990 7.36687038 0.60000000 0.23529412 0.23529412 0.24313725
v -5.41836990 7.38687038 0.60000000 0.23529412 0.23529412 0.24313725
v -5.45836990 7.38687038 0.60000000 0.23529412 0.23529412 0.24313725
v -5.45836990 7.36687038 0.60000000 0.23529412 0.23529412 0.24313725
v -5.41836990 7.36687038 1.75000000 0.23529412 0.23529412 0.24313725
v -5.41836990 7.38687038 1.75000000 0.23529412 0.23529412 0.24313725
v -5.45836990 7.38687038 1.75000000 0.23529412 0.23529412 0.24313725
v -5.45836990 7.36687038 1.75000000 0.23529412 0.23529412 0.24313725
v -5.41836990 7.48937038 0.60000000 0.23529412 0.23529412 0.24313725
v -5.41836990 7.50937038 0.60000000 0.23529412 0.23529412 0.24313725
v -5.45836990 7.50937038 0.60000000 0.23529412 0.23529412 0.24313725
v -5.45836990 7.48937038 0.60000000 0.23529412 0.23529412 0.24313725
v -5.41836990 7.48937038 1.75000000 0.23529412 0.23529412 0.24313725
v -5.41836990 7.50937038 1.75000000 0.23529412 0.23529412 0.24313725
v -5.45836990 7.50937038 1.75000000 0.23529412 0.23529412 0.24313725
v -5.45836990 7.48937038 1.75000000 0.23529412 0.23529412 0.24313725
v -1.42836990 7.71937038 1.75000000 0.23529412 0.23529412 0.24313725
v -1.42836990 7.79937038 1.75000000 0.23529412 0.23529412 0.24313725
v -4.87836990 7.79937038 1.75000000 0.23529412 0.23529412 0.24313725
v -4.87836990 7.71937038 1.75000000 0.23529412 0.23529412 0.24313725
v -1.42836990 7.71937038 1.80000000 0.23529412 0.23529412 0.24313725
v -1.42836990 7.79937038 1.80000000 0.23529412 0.23529412 0.24313725
v -4.87836990 7.79937038 1.80000000 0.23529412 0.23529412 0.24313725
v -4.87836990 7.71937038 1.80000000 0.23529412 0.23529412 0.24313725
v -4.86836990 7.73937038 0.60000000 0.23529412 0.23529412 0.24313725
v -4.86836990 7.77937038 0.60000000 0.23529412 0.23529412 0.24313725
v -4.88836990 7.77937038 0.60000000 0.23529412 0.23529412 0.24313725
v -4.88836990 7.73937038 0.60000000 0.23529412 0.23529412 0.24313725
v -4.86836990 7.73937038 1.75000000 0.23529412 0.23529412 0.24313725
v -4.86836990 7.77937038 1.75000000 0.23529412 0.23529412 0.24313725
v -4.88836990 7.77937038 1.75000000 0.23529412 0.23529412 0.24313725
v -4.88836990 7.73937038 1.75000000 0.23529412 0.23529412 0.24313725
v -4.74515562 7.73937038 0.60000000 0.23529412 0.23529412 0.24313725
v -4.74515562 7.77937038 0.60000000 0.23529412 0.23529412 0.24313725
v -4.76515562 7.77937038 0.60000000 0.23529412 0.23529412 0.24313725
v -4.76515562 7.73937038 0.60000000 0.23529412 0.23529412 0.24313725
v -4.74515562 7.73937038 1.75000000 0.23529412 0.23529412 0.24313725
v -4.74515562 7.77937038 1.75000000 0.23529412 0.23529412 0.24313725
v -4.76515562 7.77937038 1.75000000 0.23529412 0.23529412 0.24313725
v -4.76515562 7.73937038 1.75000000 0.23529412 0.23529412 0.24313725
v -4.62194133 7.73937038 0.60000000 0.23529412 0.23529412 0.24313725
v -4.62194133 7.77937038 0.60000000 0.23529412 0.23529412 0.24313725
v -4.64194133 7.77937038 0.60000000 0.23529412 0.23529412 0.24313725
v -4.64194133 7.73937038 0.60000000 0.23529412 0.23529412 0.24313725
v -4.62194133 7.73937038 1.75000000 0.23529412 0.23529412 0.24313725
v -4.62194133 7.77937038 1.75000000 0.23529412 0.23529412 0.24313725
v -4.64194133 7.77937038 1.75000000 0.23529412 0.23529412 0.24313725
v -4.64194133 7.73937038 1.75000000 0.23529412 0.23529412 0.24313725
v -4.49872704 7.73937038 0.60000000 0.23529412 0.23529412 0.24313725
v -4.49872704 7.77937038 0.60000000 0.23529412 0.23529412 0.24313725
v -4.51872704 7.77937038 0.60000000 0.23529412 0.23529412 0.24313725
v -4.51872704 7.73937038 0.60000000 0.23529412 0.23529412 0.24313725
v -4.49872704 7.73937038 1.75000000 0.23529412 0.23529412 0.24313725
v -4.49872704 7.77937038 1.75000000 0.23529412 0.23529412 0.24313725
v -4.51872704 7.77937038 1.75000000 0.23529412 0.23529412 0.24313725
v -4.51872704 7.73937038 1.75000000 0.23529412 0.23529412 0.24313725
v -4.37551276 7.73937038 0.60000000 0.23529412 0.23529412 0.24313725
v -4.37551276 7.77937038 0.60000000 0.23529412 0.23529412 0.24313725
v -4.39551276 7.77937038 0.60000000 0.23529412 0.23529412 0.24313725
v -4.39551276 7.73937038 0.60000000 0.23529412 0.23529412 0.24313725
v -4.37551276 7.73937038 1.75000000 0.23529412 0.23529412 0.24313725
v -4.37551276 7.77937038 1.75000000 0.23529412 0.23529412 0.24313725
v -4.39551276 7.77937038 1.75000000 0.23529412 0.23529412 0.24313725
v -4.39551276 7.73937038 1.75000000 0.23529412 0.23529412 0.24313725
v -4.25229847 7.73937038 0.60000000 0.23529412 0.23529412 0.24313725
v -4.25229847 7.77937038 0.60000000 0.23529412 0.23529412 0.24313725
v -4.27229847 7.77937038 0.60000000 0.23529412 0.23529412 0.24313725
v -4.27229847 7.73937038 0.60000000 0.23529412 0.23529412 0.24313725
v -4.25229847 7.73937038 1.75000000 0.23529412 0.23529412 0.24313725
v -4.25229847 7.77937038 1.75000000 0.23529412 0.23529412 0.24313725
v -4.27229847 7.77937038 1.75000000 0.23529412 0.23529412 0.24313725
v -4.27229847 7.73937038 1.75000000 0.23529412 0.23529412 0.24313725
v -4.12908419 7.73937038 0.60000000 0.23529412 0.23529412 0.24313725
v -4.12908419 7.77937038 0.60000000 0.23529412 0.23529412 0.24313725
v -4.14908419 7.77937038 0.60000000 0.23529412 0.23529412 0.24313725
v -4.14908419 7.73937038 0.60000000 0.23529412 0.23529412 0.24313725
v -4.12908419 7.73937038 1.75000000 0.23529412 0.23529412 0.24313725
v -4.12908419 7.77937038 1.75000000 0.23529412 0.23529412 0.24313725
v -4.14908419 7.77937038 1.75000000 0.23529412 0.23529412 0.24313725
v -4.14908419 7.73937038 1.75000000 0.23529412 0.23529412 0.24313725
v -4.00586990 7.73937038 0.60000000 0.23529412 0.23529412 0.24313725
v -4.00586990 7.77937038 0.60000000 0.23529412 0.23529412 0.24313725
v -4.02586990 7.77937038 0.60000000 0.23529412 0.23529412 0.24313725
v -4.02586990 7.73937038 0.60000000 0.23529412 0.23529412 0.24313725
v -4.00586990 7.73937038 1.75000000 0.23529412 0.23529412 0.24313725
v -4.00586990 7.77937038 1.75000000 0.23529412 0.23529412 0.24313725
v -4.02586990 7.77937038 1.75000000 0.23529412 0.23529412 0.24313725
v -4.02586990 7.73937038 1.75000000 0.23529412 0.23529412 0.24313725
v -3.88265562 7.73937038 0.60000000 0.23529412 0.23529412 0.24313725
v -3.88265562 7.77937038 0.60000000 0.23529412 0.23529412 0.24313725
v -3.90265562 7.77937038 0.60000000 0.23529412 0.23529412 0.24313725
v -3.90265562 7.73937038 0.60000000 0.23529412 0.23529412 0.24313725
v -3.88265562 7.73937038 1.75000000 0.23529412 0.23529412 0.24313725
v -3.88265562 7.77937038 1.75000000 0.23529412 0.23529412 0.24313725
v -3.90265562 7.77937038 1.75000000 0.23529412 0.23529412 0.24313725
v -3.90265562 7.73937038 1.75000000 0.23529412 0.23529412 0.24313725
v -3.75944133 7.73937038 0.60000000 0.23529412 0.23529412 0.24313725
v -3.75944133 7.77937038 0.60000000 0.23529412 0.23529412 0.24313725
v -3.77944133 7.77937038 0.60000000 0.23529412 0.23529412 0.24313725
v -3.77944133 7.73937038 0.60000000 0.23529412 0.23529412 0.24313725
v -3.75944133 7.73937038 1.75000000 0.23529412 0.23529412 0.24313725
v -3.75944133 7.77937038 1.75000000 0.23529412 0.23529412 0.24313725
v -3.77944133 7.77937038 1.75000000 0.23529412 0.23529412 0.24313725
v -3.77944133 7.73937038 1.75000000 0.23529412 0.23529412 0.24313725
v -3.63622704 7.73937038 0.60000000 0.23529412 0.23529412 0.24313725
v -3.63622704 7.77937038 0.60000000 0.23529412 0.23529412 0.24313725
v -3.65622704 7.77937038 0.60000000 0.23529412 0.23529412 0.24313725
v -3.65622704 7.73937038 0.60000000 0.23529412 0.23529412 0.24313725
v -3.63622704 7.73937038 1.75000000 0.23529412 0.23529412 0.24313725
v -3.63622704 7.77937038 1.75000000 0.23529412 0.23529412 0.24313725
v -3.65622704 7.77937038 1.75000000 0.23529412 0.23529412 0.24313725
v -3.65622704 7.73937038 1.75000000 0.23529412 0.23529412 0.24313725
v -3.51301276 7.73937038 0.60000000 0.23529412 0.23529412 0.24313725
v -3.51301276 7.77937038 0.60000000 0.23529412 0.23529412 0.24313725
v -3.53301276 7.77937038 0.60000000 0.23529412 0.23529412 0.24313725
v -3.53301276 7.73937038 0.60000000 0.23529412 0.23529412 0.24313725
v -3.51301276 7.73937038 1.75000000 0.23529412 0.23529412 0.24313725
v -3.51301276 7.77937038 1.75000000 0.23529412 0.23529412 0.24313725
v -3.53301276 7.77937038 1.75000000 0.23529412 0.23529412 0.24313725
v -3.53301276 7.73937038 1.75000000 0.23529412 0.23529412 0.24313725
v -3.38979847 7.73937038 0.60000000 0.23529412 0.23529412 0.24313725
v -3.38979847 7.77937038 0.60000000 0.23529412 0.23529412 0.24313725
v -3.40979847 7.77937038 0.60000000 0.23529412 0.23529412 0.24313725
v -3.40979847 7.73937038 0.60000000 0.23529412 0.23529412 0.24313725
v -3.38979847 7.73937038 1.75000000 0.23529412 0.23529412 0.24313725
v -3.38979847 7.77937038 1.75000000 0.23529412 0.23529412 0.24313725
v -3.40979847 7.77937038 1.75000000 0.23529412 0.23529412 0.24313725
v -3.40979847 7.73937038 1.75000000 0.23529412 0.23529412 0.24313725
v -3.26658419 7.73937038 0.60000000 0.23529412 0.23529412 0.24313725
v -3.26658419 7.77937038 0.60000000 0.23529412 0.23529412 0.24313725
v -3.28658419 7.77937038 0.60000000 0.23529412 0.23529412 0.24313725
v -3.28658419 7.73937038 0.60000000 0.23529412 0.23529412 0.24313725
v -3.26658419 7.73937038 1.75000000 0.23529412 0.23529412 0.24313725
v -3.26658419 7.77937038 1.75000000 0.23529412 0.23529412 0.24313725
v -3.28658419 7.77937038 1.75000000 0.23529412 0.23529412 0.24313725
v -3.28658419 7.73937038 1.75000000 0.23529412 0.23529412 0.24313725
v -3.14336990 7.73937038 0.60000000 0.23529412 0.23529412 0.24313725
v -3.14336990 7.77937038 0.60000000 0.23529412 0.23529412 0.24313725
v -3.16336990 7.77937038 0.60000000 0.23529412 0.23529412 0.24313725
v -3.16336990 7.73937038 0.60000000 0.23529412 0.23529412 0.24313725
v -3.14336990 7.73937038 1.75000000 0.23529412 0.23529412 0.24313725
v -3.14336990 7.77937038 1.75000000 0.23529412 0.23529412 0.24313725
v -3.16336990 7.77937038 1.75000000 0.23529412 0.23529412 0.24313725
v -3.16336990 7.73937038 1.75000000 0.23529412 0.23529412 0.24313725
v -3.02015562 7.73937038 0.60000000 0.23529412 0.23529412 0.24313725
v -3.02015562 7.77937038 0.60000000 0.23529412 0.23529412 0.24313725
v -3.04015562 7.77937038 0.60000000 0.23529412 0.23529412 0.24313725
v -3.04015562 7.73937038 0.60000000 0.23529412 0.23529412 0.24313725
v -3.02015562 7.73937038 1.75000000 0.23529412 0.23529412 0.24313725
v -3.02015562 7.77937038 1.75000000 0.23529412 0.23529412 0.24313725
v -3.04015562 7.77937038 1.75000000 0.23529412 0.23529412 0.24313725
v -3.04015562 7.73937038 1.75000000 0.23529412 0.23529412 0.24313725
v -2.89694133 7.73937038 0.60000000 0.23529412 0.23529412 0.24313725
v -2.89694133 7.77937038 0.60000000 0.23529412 0.23529412 0.24313725
v -2.91694133 7.77937038 0.60000000 0.23529412 0.23529412 0.24313725
v -2.91694133 7.73937038 0.60000000 0.23529412 0.23529412 0.24313725
v -2.89694133 7.73937038 1.75000000 0.23529412 0.23529412 0.24313725
v -2.89694133 7.77937038 1.75000000 0.23529412 0.23529412 0.24313725
v -2.91694133 7.77937038 1.75000000 0.23529412 0.23529412 0.24313725
v -2.91694133 7.73937038 1.75000000 0.23529412 0.23529412 0.24313725
v -2.77372704 7.73937038 0.60000000 0.23529412 0.23529412 0.24313725
v -2.77372704 7.77937038 0.60000000 0.23529412 0.23529412 0.24313725
v -2.79372704 7.77937038 0.60000000 0.23529412 0.23529412 0.24313725
v -2.79372704 7.73937038 0.60000000 0.23529412 0.23529412 0.24313725
v -2.77372704 7.73937038 1.75000000 0.23529412 0.23529412 0.24313725
v -2.77372704 7.77937038 1.75000000 0.23529412 0.23529412 0.24313725
v -2.79372704 7.77937038 1.75000000 0.23529412 0.23529412 0.24313725
v -2.79372704 7.73937038 1.75000000 0.23529412 0.23529412 0.24313725
v -2.65051276 7.73937038 0.60000000 0.23529412 0.23529412 0.24313725
v -2.65051276 7.77937038 0.60000000 0.23529412 0.23529412 0.24313725
v -2.67051276 7.77937038 0.60000000 0.23529412 0.23529412 0.24313725
v -2.67051276 7.73937038 0.60000000 0.23529412 0.23529412 0.24313725
v -2.65051276 7.73937038 1.75000000 0.23529412 0.23529412 0.24313725
v -2.65051276 7.77937038 1.75000000 0.23529412 0.23529412 0.24313725
v -2.67051276 7.77937038 1.75000000 0.23529412 0.23529412 0.24313725
v -2.67051276 7.73937038 1.75000000 0.23529412 0.23529412 0.24313725
v -2.52729847 7.73937038 0.60000000 0.23529412 0.23529412 0.24313725
v -2.52729847 7.77937038 0.60000000 0.23529412 0.23529412 0.24313725
v -2.54729847 7.77937038 0.60000000 0.23529412 0.23529412 0.24313725
v -2.54729847 7.73937038 0.60000000 0.23529412 0.23529412 0.24313725
v -2.52729847 7.73937038 1.75000000 0.23529412 0.23529412 0.24313725
v -2.52729847 7.77937038 1.75000000 0.23529412 0.23529412 0.24313725
v -2.54729847 7.77937038 1.75000000 0.23529412 0.23529412 0.24313725
v -2.54729847 7.73937038 1.75000000 0.23529412 0.23529412 0.24313725
v -2.40408419 7.73937038 0.60000000 0.23529412 0.23529412 0.24313725
v -2.40408419 7.77937038 0.60000000 0.23529412 0.23529412 0.24313725
v -2.42408419 7.77937038 0.60000000 0.23529412 0.23529412 0.24313725
v -2.42408419 7.73937038 0.60000000 0.23529412 0.23529412 0.24313725
v -2.40408419 7.73937038 1.75000000 0.23529412 0.23529412 0.24313725
v -2.40408419 7.77937038 1.75000000 0.23529412 0.23529412 0.24313725
v -2.42408419 7.77937038 1.75000000 0.23529412 0.23529412 0.24313725
v -2.42408419 7.73937038 1.75000000 0.23529412 0.23529412 0.24313725
v -2.28086990 7.73937038 0.60000000 0.23529412 0.23529412 0.24313725
v -2.28086990 7.77937038 0.60000000 0.23529412 0.23529412 0.24313725
v -2.30086990 7.77937038 0.60000000 0.23529412 0.23529412 0.24313725
v -2.30086990 7.73937038 0.60000000 0.23529412 0.23529412 0.24313725
v -2.28086990 7.73937038 1.75000000 0.23529412 0.23529412 0.24313725
v -2.28086990 7.77937038 1.75000000 0.23529412 0.23529412 0.24313725
v -2.30086990 7.77937038 1.75000000 0.23529412 0.23529412 0.24313725
v -2.30086990 7.73937038 1.75000000 0.23529412 0.23529412 0.24313725
v -2.15765562 7.73937038 0.60000000 0.23529412 0.23529412 0.24313725
v -2.15765562 7.77937038 0.60000000 0.23529412 0.23529412 0.24313725
v -2.17765562 7.77937038 0.60000000 0.23529412 0.23529412 0.24313725
v -2.17765562 7.73937038 0.60000000 0.23529412 0.23529412 0.24313725
v -2.15765562 7.73937038 1.75000000 0.23529412 0.23529412 0.24313725
v -2.15765562 7.77937038 1.75000000 0.23529412 0.23529412 0.24313725
v -2.17765562 7.77937038 1.75000000 0.23529412 0.23529412 0.24313725
v -2.17765562 7.73937038 1.75000000 0.23529412 0.23529412 0.24313725
v -2.03444133 7.73937038 0.60000000 0.23529412 0.23529412 0.24313725
v -2.03444133 7.77937038 0.60000000 0.23529412 0.23529412 0.24313725
v -2.05444133 7.77937038 0.60000000 0.23529412 0.23529412 0.24313725
v -2.05444133 7.73937038 0.60000000 0.23529412 0.23529412 0.24313725
v -2.03444133 7.73937038 1.75000000 0.23529412 0.23529412 0.24313725
v -2.03444133 7.77937038 1.75000000 0.23529412 0.23529412 0.24313725
v -2.05444133 7.77937038 1.75000000 0.23529412 0.23529412 0.24313725
v -2.05444133 7.73937038 1.75000000 0.23529412 0.23529412 0.24313725
v -1.91122704 7.73937038 0.60000000 0.23529412 0.23529412 0.24313725
v -1.91122704 7.77937038 0.60000000 0.23529412 0.23529412 0.24313725
v -1.93122704 7.77937038 0.60000000 0.23529412 0.23529412 0.24313725
v -1.93122704 7.73937038 0.60000000 0.23529412 0.23529412 0.24313725
v -1.91122704 7.73937038 1.75000000 0.23529412 0.23529412 0.24313725
v -1.91122704 7.77937038 1.75000000 0.23529412 0.23529412 0.24313725
v -1.93122704 7.77937038 1.75000000 0.23529412 0.23529412 0.24313725
v -1.93122704 7.73937038 1.75000000 0.23529412 0.23529412 0.24313725
v -1.78801276 7.73937038 0.60000000 0.23529412 0.23529412 0.24313725
v -1.78801276 7.77937038 0.60000000 0.23529412 0.23529412 0.24313725
v -1.80801276 7.77937038 0.60000000 0.23529412 0.23529412 0.24313725
v -1.80801276 7.73937038 0.60000000 0.23529412 0.23529412 0.24313725
v -1.78801276 7.73937038 1.75000000 0.23529412 0.23529412 0.24313725
v -1.78801276 7.77937038 1.75000000 0.23529412 0.23529412 0.24313725
v -1.80801276 7.77937038 1.75000000 0.23529412 0.23529412 0.24313725
v -1.80801276 7.73937038 1.75000000 0.23529412 0.23529412 0.24313725
v -1.66479847 7.73937038 0.60000000 0.23529412 0.23529412 0.24313725
v -1.66479847 7.77937038 0.60000000 0.23529412 0.23529412 0.24313725
v -1.68479847 7.77937038 0.60000000 0.23529412 0.23529412 0.24313725
v -1.68479847 7.73937038 0.60000000 0.23529412 0.23529412 0.24313725
v -1.66479847 7.73937038 1.75000000 0.23529412 0.23529412 0.24313725
v -1.66479847 7.77937038 1.75000000 0.23529412 0.23529412 0.24313725
v -1.68479847 7.77937038 1.75000000 0.23529412 0.23529412 0.24313725
v -1.68479847 7.73937038 1.75000000 0.23529412 0.23529412 0.24313725
v -1.54158419 7.73937038 0.60000000 0.23529412 0.23529412 0.24313725
v -1.54158419 7.77937038 0.60000000 0.23529412 0.23529412 0.24313725
v -1.56158419 7.77937038 0.60000000 0.23529412 0.23529412 0.24313725
v -1.56158419 7.73937038 0.60000000 0.23529412 0.23529412 0.24313725
v -1.54158419 7.73937038 1.75000000 0.23529412 0.23529412 0.24313725
v -1.54158419 7.77937038 1.75000000 0.23529412 0.23529412 0.24313725
v -1.56158419 7.77937038 1.75000000 0.23529412 0.23529412 0.24313725
v -1.56158419 7.73937038 1.75000000 0.23529412 0.23529412 0.24313725
v -1.41836990 7.73937038 0.60000000 0.23529412 0.23529412 0.24313725
v -1.41836990 7.77937038 0.60000000 0.23529412 0.23529412 0.24313725
v -1.43836990 7.77937038 0.60000000 0.23529412 0.23529412 0.24313725
v -1.43836990 7.73937038 0.60000000 0.23529412 0.23529412 0.24313725
v -1.41836990 7.73937038 1.75000000 0.23529412 0.23529412 0.24313725
v -1.41836990 7.77937038 1.75000000 0.23529412 0.23529412 0.24313725
v -1.43836990 7.77937038 1.75000000 0.23529412 0.23529412 0.24313725
v -1.43836990 7.73937038 1.75000000 0.23529412 0.23529412 0.24313725
f 1230 1229 1232
f 1231 1230 1232
f 1236 1233 1234
f 1236 1234 1235
f 1234 1233 1230
f 1230 1233 1229
f 1235 1234 1231
f 1231 1234 1230
f 1233 1236 1229
f 1229 1236 1232
f 1236 1235 1232
f 1232 1235 1231
f 1238 1237 1240
f 1239 1238 1240
f 1244 1241 1242
f 1244 1242 1243
f 1242 1241 1238
f 1238 1241 1237
f 1243 1242 1239
f 1239 1242 1238
f 1241 1244 1237
f 1237 1244 1240
f 1244 1243 1240
f 1240 1243 1239
f 1246 1245 1248
f 1247 1246 1248
f 1252 1249 1250
f 1252 1250 1251
f 1250 1249 1246
f 1246 1249 1245
f 1251 1250 1247
f 1247 1250 1246
f 1249 1252 1245
f 1245 1252 1248
f 1252 1251 1248
f 1248 1251 1247
f 1254 1253 1256
f 1255 1254 1256
f 1260 1257 1258
f 1260 1258 1259
f 1258 1257 1254
f 1254 1257 1253
f 1259 1258 1255
f 1255 1258 1254
f 1257 1260 1253
f 1253 1260 1256
f 1260 1259 1256
f 1256 1259 1255
f 1262 1261 1264
f 1263 1262 1264
f 1268 1265 1266
f 1268 1266 1267
f 1266 1265 1262
f 1262 1265 1261
f 1267 1266 1263
f 1263 1266 1262
f 1265 1268 1261
f 1261 1268 1264
f 1268 1267 1264
f 1264 1267 1263
f 1270 1269 1272
f 1271 1270 1272
f 1276 1273 1274
f 1276 1274 1275
f 1274 1273 1270
f 1270 1273 1269
f 1275 1274 1271
f 1271 1274 1270
f 1273 1276 1269
f 1269 1276 1272
f 1276 1275 1272
f 1272 1275 1271
f 1278 1277 1280
f 1279 1278 1280
f 1284 1281 1282
f 1284 1282 1283
f 1282 1281 1278
f 1278 1281 1277
f 1283 1282 1279
f 1279 1282 1278
f 1281 1284 1277
f 1277 1284 1280
f 1284 1283 1280
f 1280 1283 1279
f 1286 1285 1288
f 1287 1286 1288
f 1292 1289 1290
f 1292 1290 1291
f 1290 1289 1286
f 1286 1289 1285
f 1291 1290 1287
f 1287 1290 1286
f 1289 1292 1285
f 1285 1292 1288
f 1292 1291 1288
f 1288 1291 1287
f 1294 1293 1296
f 1295 1294 1296
f 1300 1297 1298
f 1300 1298 1299
f 1298 1297 1294
f 1294 1297 1293
f 1299 1298 1295
f 1295 1298 1294
f 1297 1300 1293
f 1293 1300 1296
f 1300 1299 1296
f 1296 1299 1295
f 1302 1301 1304
f 1303 1302 1304
f 1308 1305 1306
f 1308 1306 1307
f 1306 1305 1302
f 1302 1305 1301
f 1307 1306 1303
f 1303 1306 1302
f 1305 1308 1301
f 1301 1308 1304
f 1308 1307 1304
f 1304 1307 1303
f 1310 1309 1312
f 1311 1310 1312
f 1316 1313 1314
f 1316 1314 1315
f 1314 1313 1310
f 1310 1313 1309
f 1315 1314 1311
f 1311 1314 1310
f 1313 1316 1309
f 1309 1316 1312
f 1316 1315 1312
f 1312 1315 1311
f 1318 1317 1320
f 1319 1318 1320
f 1324 1321 1322
f 1324 1322 1323
f 1322 1321 1318
f 1318 1321 1317
f 1323 1322 1319
f 1319 1322 1318
f 1321 1324 1317
f 1317 1324 1320
f 1324 1323 1320
f 1320 1323 1319
f 1326 1325 1328
f 1327 1326 1328
f 1332 1329 1330
f 1332 1330 1331
f 1330 1329 1326
f 1326 1329 1325
f 1331 1330 1327
f 1327 1330 1326
f 1329 1332 1325
f 1325 1332 1328
f 1332 1331 1328
f 1328 1331 1327
f 1334 1333 1336
f 1335 1334 1336
f 1340 1337 1338
f 1340 1338 1339
f 1338 1337 1334
f 1334 1337 1333
f 1339 1338 1335
f 1335 1338 1334
f 1337 1340 1333
f 1333 1340 1336
f 1340 1339 1336
f 1336 1339 1335
f 1342 1341 1344
f 1343 1342 1344
f 1348 1345 1346
f 1348 1346 1347
f 1346 1345 1342
f 1342 1345 1341
f 1347 1346 1343
f 1343 1346 1342
f 1345 1348 1341
f 1341 1348 1344
f 1348 1347 1344
f 1344 1347 1343
f 1350 1349 1352
f 1351 1350 1352
f 1356 1353 1354
f 1356 1354 1355
f 1354 1353 1350
f 1350 1353 1349
f 1355 1354 1351
f 1351 1354 1350
f 1353 1356 1349
f 1349 1356 1352
f 1356 1355 1352
f 1352 1355 1351
f 1358 1357 1360
f 1359 1358 1360
f 1364 1361 1362
f 1364 1362 1363
f 1362 1361 1358
f 1358 1361 1357
f 1363 1362 1359
f 1359 1362 1358
f 1361 1364 1357
f 1357 1364 1360
f 1364 1363 1360
f 1360 1363 1359
f 1366 1365 1368
f 1367 1366 1368
f 1372 1369 1370
f 1372 1370 1371
f 1370 1369 1366
f 1366 1369 1365
f 1371 1370 1367
f 1367 1370 1366
f 1369 1372 1365
f 1365 1372 1368
f 1372 1371 1368
f 1368 1371 1367
f 1374 1373 1376
f 1375 1374 1376
f 1380 1377 1378
f 1380 1378 1379
f 1378 1377 1374
f 1374 1377 1373
f 1379 1378 1375
f 1375 1378 1374
f 1377 1380 1373
f 1373 1380 1376
f 1380 1379 1376
f 1376 1379 1375
f 1382 1381 1384
f 1383 1382 1384
f 1388 1385 1386
f 1388 1386 1387
f 1386 1385 1382
f 1382 1385 1381
f 1387 1386 1383
f 1383 1386 1382
f 1385 1388 1381
f 1381 1388 1384
f 1388 1387 1384
f 1384 1387 1383
f 1390 1389 1392
f 1391 1390 1392
f 1396 1393 1394
f 1396 1394 1395
f 1394 1393 1390
f 1390 1393 1389
f 1395 1394 1391
f 1391 1394 1390
f 1393 1396 1389
f 1389 1396 1392
f 1396 1395 1392
f 1392 1395 1391
f 1398 1397 1400
f 1399 1398 1400
f 1404 1401 1402
f 1404 1402 1403
f 1402 1401 1398
f 1398 1401 1397
f 1403 1402 1399
f 1399 1402 1398
f 1401 1404 1397
f 1397 1404 1400
f 1404 1403 1400
f 1400 1403 1399
f 1406 1405 1408
f 1407 1406 1408
f 1412 1409 1410
f 1412 1410 1411
f 1410 1409 1406
f 1406 1409 1405
f 1411 1410 1407
f 1407 1410 1406
f 1409 1412 1405
f 1405 1412 1408
f 1412 1411 1408
f 1408 1411 1407
f 1414 1413 1416
f 1415 1414 1416
f 1420 1417 1418
f 1420 1418 1419
f 1418 1417 1414
f 1414 1417 1413
f 1419 1418 1415
f 1415 1418 1414
f 1417 1420 1413
f 1413 1420 1416
f 1420 1419 1416
f 1416 1419 1415
f 1422 1421 1424
f 1423 1422 1424
f 1428 1425 1426
f 1428 1426 1427
f 1426 1425 1422
f 1422 1425 1421
f 1427 1426 1423
f 1423 1426 1422
f 1425 1428 1421
f 1421 1428 1424
f 1428 1427 1424
f 1424 1427 1423
f 1430 1429 1432
f 1431 1430 1432
f 1436 1433 1434
f 1436 1434 1435
f 1434 1433 1430
f 1430 1433 1429
f 1435 1434 1431
f 1431 1434 1430
f 1433 1436 1429
f 1429 1436 1432
f 1436 1435 1432
f 1432 1435 1431
f 1438 1437 1440
f 1439 1438 1440
f 1444 1441 1442
f 1444 1442 1443
f 1442 1441 1438
f 1438 1441 1437
f 1443 1442 1439
f 1439 1442 1438
f 1441 1444 1437
f 1437 1444 1440
f 1444 1443 1440
f 1440 1443 1439
f 1446 1445 1448
f 1447 1446 1448
f 1452 1449 1450
f 1452 1450 1451
f 1450 1449 1446
f 1446 1449 1445
f 1451 1450 1447
f 1447 1450 1446
f 1449 1452 1445
f 1445 1452 1448
f 1452 1451 1448
f 1448 1451 1447
f 1454 1453 1456
f 1455 1454 1456
f 1460 1457 1458
f 1460 1458 1459
f 1458 1457 1454
f 1454 1457 1453
f 1459 1458 1455
f 1455 1458 1454
f 1457 1460 1453
f 1453 1460 1456
f 1460 1459 1456
f 1456 1459 1455
f 1462 1461 1464
f 1463 1462 1464
f 1468 1465 1466
f 1468 1466 1467
f 1466 1465 1462
f 1462 1465 1461
f 1467 1466 1463
f 1463 1466 1462
f 1465 1468 1461
f 1461 1468 1464
f 1468 1467 1464
f 1464 1467 1463
f 1470 1469 1472
f 1471 1470 1472
f 1476 1473 1474
f 1476 1474 1475
f 1474 1473 1470
f 1470 1473 1469
f 1475 1474 1471
f 1471 1474 1470
f 1473 1476 1469
f 1469 1476 1472
f 1476 1475 1472
f 1472 1475 1471
f 1478 1477 1480
f 1479 1478 1480
f 1484 1481 1482
f 1484 1482 1483
f 1482 1481 1478
f 1478 1481 1477
f 1483 1482 1479
f 1479 1482 1478
f 1481 1484 1477
f 1477 1484 1480
f 1484 1483 1480
f 1480 1483 1479
f 1486 1485 1488
f 1487 1486 1488
f 1492 1489 1490
f 1492 1490 1491
f 1490 1489 1486
f 1486 1489 1485
f 1491 1490 1487
f 1487 1490 1486
f 1489 1492 1485
f 1485 1492 1488
f 1492 1491 1488
f 1488 1491 1487
f 1494 1493 1496
f 1495 1494 1496
f 1500 1497 1498
f 1500 1498 1499
f 1498 1497 1494
f 1494 1497 1493
f 1499 1498 1495
f 1495 1498 1494
f 1497 1500 1493
f 1493 1500 1496
f 1500 1499 1496
f 1496 1499 1495
f 1502 1501 1504
f 1503 1502 1504
f 1508 1505 1506
f 1508 1506 1507
f 1506 1505 1502
f 1502 1505 1501
f 1507 1506 1503
f 1503 1506 1502
f 1505 1508 1501
f 1501 1508 1504
f 1508 1507 1504
f 1504 1507 1503
f 1510 1509 1512
f 1511 1510 1512
f 1516 1513 1514
f 1516 1514 1515
f 1514 1513 1510
f 1510 1513 1509
f 1515 1514 1511
f 1511 1514 1510
f 1513 1516 1509
f 1509 1516 1512
f 1516 1515 1512
f 1512 1515 1511
f 1518 1517 1520
f 1519 1518 1520
f 1524 1521 1522
f 1524 1522 1523
f 1522 1521 1518
f 1518 1521 1517
f 1523 1522 1519
f 1519 1522 1518
f 1521 1524 1517
f 1517 1524 1520
f 1524 1523 1520
f 1520 1523 1519
f 1526 1525 1528
f 1527 1526 1528
f 1532 1529 1530
f 1532 1530 1531
f 1530 1529 1526
f 1526 1529 1525
f 1531 1530 1527
f 1527 1530 1526
f 1529 1532 1525
f 1525 1532 1528
f 1532 1531 1528
f 1528 1531 1527
f 1534 1533 1536
f 1535 1534 1536
f 1540 1537 1538
f 1540 1538 1539
f 1538 1537 1534
f 1534 1537 1533
f 1539 1538 1535
f 1535 1538 1534
f 1537 1540 1533
f 1533 1540 1536
f 1540 1539 1536
f 1536 1539 1535
f 1542 1541 1544
f 1543 1542 1544
f 1548 1545 1546
f 1548 1546 1547
f 1546 1545 1542
f 1542 1545 1541
f 1547 1546 1543
f 1543 1546 1542
f 1545 1548 1541
f 1541 1548 1544
f 1548 1547 1544
f 1544 1547 1543
f 1550 1549 1552
f 1551 1550 1552
f 1556 1553 1554
f 1556 1554 1555
f 1554 1553 1550
f 1550 1553 1549
f 1555 1554 1551
f 1551 1554 1550
f 1553 1556 1549
f 1549 1556 1552
f 1556 1555 1552
f 1552 1555 1551
f 1558 1557 1560
f 1559 1558 1560
f 1564 1561 1562
f 1564 1562 1563
f 1562 1561 1558
f 1558 1561 1557
f 1563 1562 1559
f 1559 1562 1558
f 1561 1564 1557
f 1557 1564 1560
f 1564 1563 1560
f 1560 1563 1559
f 1566 1565 1568
f 1567 1566 1568
f 1572 1569 1570
f 1572 1570 1571
f 1570 1569 1566
f 1566 1569 1565
f 1571 1570 1567
f 1567 1570 1566
f 1569 1572 1565
f 1565 1572 1568
f 1572 1571 1568
f 1568 1571 1567
f 1574 1573 1576
f 1575 1574 1576
f 1580 1577 1578
f 1580 1578 1579
f 1578 1577 1574
f 1574 1577 1573
f 1579 1578 1575
f 1575 1578 1574
f 1577 1580 1573
f 1573 1580 1576
f 1580 1579 1576
f 1576 1579 1575
f 1582 1581 1584
f 1583 1582 1584
f 1588 1585 1586
f 1588 1586 1587
f 1586 1585 1582
f 1582 1585 1581
f 1587 1586 1583
f 1583 1586 1582
f 1585 1588 1581
f 1581 1588 1584
f 1588 1587 1584
f 1584 1587 1583
f 1590 1589 1592
f 1591 1590 1592
f 1596 1593 1594
f 1596 1594 1595
f 1594 1593 1590
f 1590 1593 1589
f 1595 1594 1591
f 1591 1594 1590
f 1593 1596 1589
f 1589 1596 1592
f 1596 1595 1592
f 1592 1595 1591
f 1598 1597 1600
f 1599 1598 1600
f 1604 1601 1602
f 1604 1602 1603
f 1602 1601 1598
f 1598 1601 1597
f 1603 1602 1599
f 1599 1602 1598
f 1601 1604 1597
f 1597 1604 1600
f 1604 1603 1600
f 1600 1603 1599
f 1606 1605 1608
f 1607 1606 1608
f 1612 1609 1610
f 1612 1610 1611
f 1610 1609 1606
f 1606 1609 1605
f 1611 1610 1607
f 1607 1610 1606
f 1609 1612 1605
f 1605 1612 1608
f 1612 1611 1608
f 1608 1611 1607
f 1614 1613 1616
f 1615 1614 1616
f 1620 1617 1618
f 1620 1618 1619
f 1618 1617 1614
f 1614 1617 1613
f 1619 1618 1615
f 1615 1618 1614
f 1617 1620 1613
f 1613 1620 1616
f 1620 1619 1616
f 1616 1619 1615
f 1622 1621 1624
f 1623 1622 1624
f 1628 1625 1626
f 1628 1626 1627
f 1626 1625 1622
f 1622 1625 1621
f 1627 1626 1623
f 1623 1626 1622
f 1625 1628 1621
f 1621 1628 1624
f 1628 1627 1624
f 1624 1627 1623
f 1630 1629 1632
f 1631 1630 1632
f 1636 1633 1634
f 1636 1634 1635
f 1634 1633 1630
f 1630 1633 1629
f 1635 1634 1631
f 1631 1634 1630
f 1633 1636 1629
f 1629 1636 1632
f 1636 1635 1632
f 1632 1635 1631
f 1638 1637 1640
f 1639 1638 1640
f 1644 1641 1642
f 1644 1642 1643
f 1642 1641 1638
f 1638 1641 1637
f 1643 1642 1639
f 1639 1642 1638
f 1641 1644 1637
f 1637 1644 1640
f 1644 1643 1640
f 1640 1643 1639

o sanitary
v -4.64500000 -1.16429304 0.60000000 0.96078431 0.96078431 0.96078431
v -4.64500000 -0.28466925 0.60000000 0.96078431 0.96078431 0.96078431
v -5.13000000 -0.28466925 0.60000000 0.96078431 0.96078431 0.96078431
v -5.13000000 -1.16429304 0.60000000 0.96078431 0.96078431 0.96078431
v -4.64500000 -1.16429304 1.52000000 0.96078431 0.96078431 0.96078431
v -4.64500000 -0.28466925 1.52000000 0.96078431 0.96078431 0.96078431
v -5.13000000 -0.28466925 1.52000000 0.96078431 0.96078431 0.96078431
v -5.13000000 -1.16429304 1.52000000 0.96078431 0.96078431 0.96078431
v -0.52714972 -5.11217325 0.60000000 0.96078431 0.96078431 0.96078431
v -0.52714972 -4.73551849 0.60000000 0.96078431 0.96078431 0.96078431
v -0.93073972 -4.73551849 0.60000000 0.96078431 0.96078431 0.96078431
v -0.93073972 -5.11217325 0.60000000 0.96078431 0.96078431 0.96078431
v -0.52714972 -5.11217325 1.45000000 0.96078431 0.96078431 0.96078431
v -0.52714972 -4.73551849 1.45000000 0.96078431 0.96078431 0.96078431
v -0.93073972 -4.73551849 1.45000000 0.96078431 0.96078431 0.96078431
v -0.93073972 -5.11217325 1.45000000 0.96078431 0.96078431 0.96078431
v 3.90217429 2.63735578 0.60000000 0.96078431 0.96078431 0.96078431
v 3.90217429 3.15127596 0.60000000 0.96078431 0.96078431 0.96078431
v 3.58217367 3.15127596 0.60000000 0.96078431 0.96078431 0.96078431
v 3.58217367 2.63735578 0.60000000 0.96078431 0.96078431 0.96078431
v 3.90217429 2.63735578 1.00000000 0.96078431 0.96078431 0.96078431
v 3.90217429 3.15127596 1.00000000 0.96078431 0.96078431 0.96078431
v 3.58217367 3.15127596 1.00000000 0.96078431 0.96078431 0.96078431
v 3.58217367 2.63735578 1.00000000 0.96078431 0.96078431 0.96078431
v 3.10663816 2.64592901 0.60000000 0.96078431 0.96078431 0.96078431
v 3.10663816 3.04926117 0.60000000 0.96078431 0.96078431 0.96078431
v 2.72979519 3.04926117 0.60000000 0.96078431 0.96078431 0.96078431
v 2.72979519 2.64592901 0.60000000 0.96078431 0.96078431 0.96078431
v 3.10663816 2.64592901 1.45000000 0.96078431 0.96078431 0.96078431
v 3.10663816 3.04926117 1.45000000 0.96078431 0.96078431 0.96078431
v 2.72979519 3.04926117 1.45000000 0.96078431 0.96078431 0.96078431
v 2.72979519 2.64592901 1.45000000 0.96078431 0.96078431 0.96078431
v 3.75377325 1.92023458 0.60000000 0.96078431 0.96078431 0.96078431
v 3.75377325 2.43415477 0.60000000 0.96078431 0.96078431 0.96078431
v 3.43377263 2.43415477 0.60000000 0.96078431 0.96078431 0.96078431
v 3.43377263 1.92023458 0.60000000 0.96078431 0.96078431 0.96078431
v 3.75377325 1.92023458 1.00000000 0.96078431 0.96078431 0.96078431
v 3.75377325 2.43415477 1.00000000 0.96078431 0.96078431 0.96078431
v 3.43377263 2.43415477 1.00000000 0.96078431 0.96078431 0.96078431
v 3.43377263 1.92023458 1.00000000 0.96078431 0.96078431 0.96078431
v 3.10663816 0.45439693 0.60000000 0.96078431 0.96078431 0.96078431
v 3.10663816 0.85772908 0.60000000 0.96078431 0.96078431 0.96078431
v 2.72979519 0.85772908 0.60000000 0.96078431 0.96078431 0.96078431
v 2.72979519 0.45439693 0.60000000 0.96078431 0.96078431 0.96078431
v 3.10663816 0.45439693 1.45000000 0.96078431 0.96078431 0.96078431
v 3.10663816 0.85772908 1.45000000 0.96078431 0.96078431 0.96078431
v 2.72979519 0.85772908 1.45000000 0.96078431 0.96078431 0.96078431
v 2.72979519 0.45439693 1.45000000 0.96078431 0.96078431 0.96078431
f 1646 1645 1648
f 1647 1646 1648
f 1652 1649 1650
f 1652 1650 1651
f 1650 1649 1646
f 1646 1649 1645
f 1651 1650 1647
f 1647 1650 1646
f 1649 1652 1645
f 1645 1652 1648
f 1652 1651 1648
f 1648 1651 1647
f 1654 1653 1656
f 1655 1654 1656
f 1660 1657 1658
f 1660 1658 1659
f 1658 1657 1654
f 1654 1657 1653
f 1659 1658 1655
f 1655 1658 1654
f 1657 1660 1653
f 1653 1660 1656
f 1660 1659 1656
f 1656 1659 1655
f 1662 1661 1664
f 1663 1662 1664
f 1668 1665 1666
f 1668 1666 1667
f 1666 1665 1662
f 1662 1665 1661
f 1667 1666 1663
f 1663 1666 1662
f 1665 1668 1661
f 1661 1668 1664
f 1668 1667 1664
f 1664 1667 1663
f 1670 1669 1672
f 1671 1670 1672
f 1676 1673 1674
f 1676 1674 1675
f 1674 1673 1670
f 1670 1673 1669
f 1675 1674 1671
f 1671 1674 1670
f 1673 1676 1669
f 1669 1676 1672
f 1676 1675 1672
f 1672 1675 1671
f 1678 1677 1680
f 1679 1678 1680
f 1684 1681 1682
f 1684 1682 1683
f 1682 1681 1678
f 1678 1681 1677
f 1683 1682 1679
f 1679 1682 1678
f 1681 1684 1677
f 1677 1684 1680
f 1684 1683 1680
f 1680 1683 1679
f 1686 1685 1688
f 1687 1686 1688
f 1692 1689 1690
f 1692 1690 1691
f 1690 1689 1686
f 1686 1689 1685
f 1691 1690 1687
f 1687 1690 1686
f 1689 1692 1685
f 1685 1692 1688
f 1692 1691 1688
f 1688 1691 1687

o counter
v -3.44358616 -2.57999998 0.60000000 0.35294118 0.35294118 0.37254902
v -3.44358616 -1.97999998 0.60000000 0.35294118 0.35294118 0.37254902
v -4.00358616 -1.97999998 0.60000000 0.35294118 0.35294118 0.37254902
v -4.00358616 -2.57999998 0.60000000 0.35294118 0.35294118 0.37254902
v -3.44358616 -2.57999998 1.52000000 0.35294118 0.35294118 0.37254902
v -3.44358616 -1.97999998 1.52000000 0.35294118 0.35294118 0.37254902
v -4.00358616 -1.97999998 1.52000000 0.35294118 0.35294118 0.37254902
v -4.00358616 -2.57999998 1.52000000 0.35294118 0.35294118 0.37254902
v -4.62836990 -2.45062962 0.60000000 0.35294118 0.35294118 0.37254902
v -4.62836990 0.76937038 0.60000000 0.35294118 0.35294118 0.37254902
v -5.22836990 0.76937038 0.60000000 0.35294118 0.35294118 0.37254902
v -5.22836990 -2.45062962 0.60000000 0.35294118 0.35294118 0.37254902
v -4.62836990 -2.45062962 1.52000000 0.35294118 0.35294118 0.37254902
v -4.62836990 0.76937038 1.52000000 0.35294118 0.35294118 0.37254902
v -5.22836990 0.76937038 1.52000000 0.35294118 0.35294118 0.37254902
v -5.22836990 -2.45062962 1.52000000 0.35294118 0.35294118 0.37254902
v -4.02836990 -2.45062962 0.60000000 0.35294118 0.35294118 0.37254902
v -4.02836990 -1.85062962 0.60000000 0.35294118 0.35294118 0.37254902
v -4.62836990 -1.85062962 0.60000000 0.35294118 0.35294118 0.37254902
v -4.62836990 -2.45062962 0.60000000 0.35294118 0.35294118 0.37254902
v -4.02836990 -2.45062962 1.52000000 0.35294118 0.35294118 0.37254902
v -4.02836990 -1.85062962 1.52000000 0.35294118 0.35294118 0.37254902
v -4.62836990 -1.85062962 1.52000000 0.35294118 0.35294118 0.37254902
v -4.62836990 -2.45062962 1.52000000 0.35294118 0.35294118 0.37254902
f 1694 1693 1696
f 1695 1694 1696
f 1700 1697 1698
f 1700 1698 1699
f 1698 1697 1694
f 1694 1697 1693
f 1699 1698 1695
f 1695 1698 1694
f 1697 1700 1693
f 1693 1700 1696
f 1700 1699 1696
f 1696 1699 1695
f 1702 1701 1704
f 1703 1702 1704
f 1708 1705 1706
f 1708 1706 1707
f 1706 1705 1702
f 1702 1705 1701
f 1707 1706 1703
f 1703 1706 1702
f 1705 1708 1701
f 1701 1708 1704
f 1708 1707 1704
f 1704 1707 1703
f 1710 1709 1712
f 1711 1710 1712
f 1716 1713 1714
f 1716 1714 1715
f 1714 1713 1710
f 1710 1713 1709
f 1715 1714 1711
f 1711 1714 1710
f 1713 1716 1709
f 1709 1716 1712
f 1716 1715 1712
f 1712 1715 1711

o sofa
v -1.83988684 1.08366300 0.60000000 0.47058824 0.50980392 0.54901961
v -1.83988684 1.89366300 0.60000000 0.47058824 0.50980392 0.54901961
v -4.09988684 1.89366300 0.60000000 0.47058824 0.50980392 0.54901961
v -4.09988684 1.08366300 0.60000000 0.47058824 0.50980392 0.54901961
v -1.83988684 1.08366300 1.40000000 0.47058824 0.50980392 0.54901961
v -1.83988684 1.89366300 1.40000000 0.47058824 0.50980392 0.54901961
v -4.09988684 1.89366300 1.40000000 0.47058824 0.50980392 0.54901961
v -4.09988684 1.08366300 1.40000000 0.47058824 0.50980392 0.54901961
v -4.34500000 2.17541013 0.60000000 0.47058824 0.50980392 0.54901961
v -4.34500000 4.43541013 0.60000000 0.47058824 0.50980392 0.54901961
v -5.15500000 4.43541013 0.60000000 0.47058824 0.50980392 0.54901961
v -5.15500000 2.17541013 0.60000000 0.47058824 0.50980392 0.54901961
v -4.34500000 2.17541013 1.40000000 0.47058824 0.50980392 0.54901961
v -4.34500000 4.43541013 1.40000000 0.47058824 0.50980392 0.54901961
v -5.15500000 4.43541013 1.40000000 0.47058824 0.50980392 0.54901961
v -5.15500000 2.17541013 1.40000000 0.47058824 0.50980392 0.54901961
f 1718 1717 1720
f 1719 1718 1720
f 1724 1721 1722
f 1724 1722 1723
f 1722 1721 1718
f 1718 1721 1717
f 1723 1722 1719
f 1719 1722 1718
f 1721 1724 1717
f 1717 1724 1720
f 1724 1723 1720
f 1720 1723 1719
f 1726 1725 1728
f 1727 1726 1728
f 1732 1729 1730
f 1732 1730 1731
f 1730 1729 1726
f 1726 1729 1725
f 1731 1730 1727
f 1727 1730 1726
f 1729 1732 1725
f 1725 1732 1728
f 1732 1731 1728
f 1728 1731 1727

o wood
v -1.22877545 -0.01639945 0.60000000 0.58823529 0.43137255 0.29411765
v -1.22877545 0.34360055 0.60000000 0.58823529 0.43137255 0.29411765
v -1.62877545 0.34360055 0.60000000 0.58823529 0.43137255 0.29411765
v -1.62877545 -0.01639945 0.60000000 0.58823529 0.43137255 0.29411765
v -1.22877545 -0.01639945 1.05000000 0.58823529 0.43137255 0.29411765
v -1.22877545 0.34360055 1.05000000 0.58823529 0.43137255 0.29411765
v -1.62877545 0.34360055 1.05000000 0.58823529 0.43137255 0.29411765
v -1.62877545 -0.01639945 1.05000000 0.58823529 0.43137255 0.29411765
v -0.57500000 -0.01639945 0.60000000 0.58823529 0.43137255 0.29411765
v -0.57500000 0.34360055 0.60000000 0.58823529 0.43137255 0.29411765
v -0.97500000 0.34360055 0.60000000 0.58823529 0.43137255 0.29411765
v -0.97500000 -0.01639945 0.60000000 0.58823529 0.43137255 0.29411765
v -0.57500000 -0.01639945 1.05000000 0.58823529 0.43137255 0.29411765
v -0.57500000 0.34360055 1.05000000 0.58823529 0.43137255 0.29411765
v -0.97500000 0.34360055 1.05000000 0.58823529 0.43137255 0.29411765
v -0.97500000 -0.01639945 1.05000000 0.58823529 0.43137255 0.29411765
v 0.09122856 -0.01639945 0.60000000 0.58823529 0.43137255 0.29411765
v 0.09122856 0.34360055 0.60000000 0.58823529 0.43137255 0.29411765
v -0.30877144 0.34360055 0.60000000 0.58823529 0.43137255 0.29411765
v -0.30877144 -0.01639945 0.60000000 0.58823529 0.43137255 0.29411765
v 0.09122856 -0.01639945 1.05000000 0.58823529 0.43137255 0.29411765
v 0.09122856 0.34360055 1.05000000 0.58823529 0.43137255 0.29411765
v -0.30877144 0.34360055 1.05000000 0.58823529 0.43137255 0.29411765
v -0.30877144 -0.01639945 1.05000000 0.58823529 0.43137255 0.29411765
v -1.22877545 -1.04360051 0.60000000 0.58823529 0.43137255 0.29411765
v -1.22877545 -0.68360051 0.60000000 0.58823529 0.43137255 0.29411765
v -1.62877545 -0.68360051 0.60000000 0.58823529 0.43137255 0.29411765
v -1.62877545 -1.04360051 0.60000000 0.58823529 0.43137255 0.29411765
v -1.22877545 -1.04360051 1.05000000 0.58823529 0.43137255 0.29411765
v -1.22877545 -0.68360051 1.05000000 0.58823529 0.43137255 0.29411765
v -1.62877545 -0.68360051 1.05000000 0.58823529 0.43137255 0.29411765
v -1.62877545 -1.04360051 1.05000000 0.58823529 0.43137255 0.29411765
v -0.57500000 -1.04360051 0.60000000 0.58823529 0.43137255 0.29411765
v -0.57500000 -0.68360051 0.60000000 0.58823529 0.43137255 0.29411765
v -0.97500000 -0.68360051 0.60000000 0.58823529 0.43137255 0.29411765
v -0.97500000 -1.04360051 0.60000000 0.58823529 0.43137255 0.29411765
v -0.57500000 -1.04360051 1.05000000 0.58823529 0.43137255 0.29411765
v -0.57500000 -0.68360051 1.05000000 0.58823529 0.43137255 0.29411765
v -0.97500000 -0.68360051 1.05000000 0.58823529 0.43137255 0.29411765
v -0.97500000 -1.04360051 1.05000000 0.58823529 0.43137255 0.29411765
v 0.09122856 -1.04360051 0.60000000 0.58823529 0.43137255 0.29411765
v 0.09122856 -0.68360051 0.60000000 0.58823529 0.43137255 0.29411765
v -0.30877144 -0.68360051 0.60000000 0.58823529 0.43137255 0.29411765
v -0.30877144 -1.04360051 0.60000000 0.58823529 0.43137255 0.29411765
v 0.09122856 -1.04360051 1.05000000 0.58823529 0.43137255 0.29411765
v 0.09122856 -0.68360051 1.05000000 0.58823529 0.43137255 0.29411765
v -0.30877144 -0.68360051 1.05000000 0.58823529 0.43137255 0.29411765
v -0.30877144 -1.04360051 1.05000000 0.58823529 0.43137255 0.29411765
v 4.79500000 -0.62352666 0.60000000 0.58823529 0.43137255 0.29411765
v 4.79500000 -0.26352666 0.60000000 0.58823529 0.43137255 0.29411765
v 4.39500000 -0.26352666 0.60000000 0.58823529 0.43137255 0.29411765
v 4.39500000 -0.62352666 0.60000000 0.58823529 0.43137255 0.29411765
v 4.79500000 -0.62352666 1.05000000 0.58823529 0.43137255 0.29411765
v 4.79500000 -0.26352666 1.05000000 0.58823529 0.43137255 0.29411765
v 4.39500000 -0.26352666 1.05000000 0.58823529 0.43137255 0.29411765
v 4.39500000 -0.62352666 1.05000000 0.58823529 0.43137255 0.29411765
v 4.66500000 6.39962004 0.60000000 0.58823529 0.43137255 0.29411765
v 4.66500000 6.79962004 0.60000000 0.58823529 0.43137255 0.29411765
v 4.30500000 6.79962004 0.60000000 0.58823529 0.43137255 0.29411765
v 4.30500000 6.39962004 0.60000000 0.58823529 0.43137255 0.29411765
v 4.66500000 6.39962004 1.05000000 0.58823529 0.43137255 0.29411765
v 4.66500000 6.79962004 1.05000000 0.58823529 0.43137255 0.29411765
v 4.30500000 6.79962004 1.05000000 0.58823529 0.43137255 0.29411765
v 4.30500000 6.39962004 1.05000000 0.58823529 0.43137255 0.29411765
v 4.64693565 -7.02999998 0.60000000 0.58823529 0.43137255 0.29411765
v 4.64693565 -6.66999998 0.60000000 0.58823529 0.43137255 0.29411765
v 4.24693565 -6.66999998 0.60000000 0.58823529 0.43137255 0.29411765
v 4.24693565 -7.02999998 0.60000000 0.58823529 0.43137255 0.29411765
v 4.64693565 -7.02999998 1.05000000 0.58823529 0.43137255 0.29411765
v 4.64693565 -6.66999998 1.05000000 0.58823529 0.43137255 0.29411765
v 4.24693565 -6.66999998 1.05000000 0.58823529 0.43137255 0.29411765
v 4.24693565 -7.02999998 1.05000000 0.58823529 0.43137255 0.29411765
v 0.22163010 -0.80062962 0.60000000 0.58823529 0.43137255 0.29411765
v 0.22163010 0.09937038 0.60000000 0.58823529 0.43137255 0.29411765
v -1.72836990 0.09937038 0.60000000 0.58823529 0.43137255 0.29411765
v -1.72836990 -0.80062962 0.60000000 0.58823529 0.43137255 0.29411765
v 0.22163010 -0.80062962 1.35000000 0.58823529 0.43137255 0.29411765
v 0.22163010 0.09937038 1.35000000 0.58823529 0.43137255 0.29411765
v -1.72836990 0.09937038 1.35000000 0.58823529 0.43137255 0.29411765
v -1.72836990 -0.80062962 1.35000000 0.58823529 0.43137255 0.29411765
v 5.19163010 -0.42062962 0.60000000 0.58823529 0.43137255 0.29411765
v 5.19163010 0.27937038 0.60000000 0.58823529 0.43137255 0.29411765
v 3.99163010 0.27937038 0.60000000 0.58823529 0.43137255 0.29411765
v 3.99163010 -0.42062962 0.60000000 0.58823529 0.43137255 0.29411765
v 5.19163010 -0.42062962 1.35000000 0.58823529 0.43137255 0.29411765
v 5.19163010 0.27937038 1.35000000 0.58823529 0.43137255 0.29411765
v 3.99163010 0.27937038 1.35000000 0.58823529 0.43137255 0.29411765
v 3.99163010 -0.42062962 1.35000000 0.58823529 0.43137255 0.29411765
v 5.13163010 -7.52062962 0.60000000 0.58823529 0.43137255 0.29411765
v 5.13163010 -6.87062962 0.60000000 0.58823529 0.43137255 0.29411765
v 3.78163010 -6.87062962 0.60000000 0.58823529 0.43137255 0.29411765
v 3.78163010 -7.52062962 0.60000000 0.58823529 0.43137255 0.29411765
v 5.13163010 -7.52062962 1.35000000 0.58823529 0.43137255 0.29411765
v 5.13163010 -6.87062962 1.35000000 0.58823529 0.43137255 0.29411765
v 3.78163010 -6.87062962 1.35000000 0.58823529 0.43137255 0.29411765
v 3.78163010 -7.52062962 1.35000000 0.58823529 0.43137255 0.29411765
v 5.20163010 5.93937038 0.60000000 0.58823529 0.43137255 0.29411765
v 5.20163010 7.46937038 0.60000000 0.58823529 0.43137255 0.29411765
v 4.50163010 7.46937038 0.60000000 0.58823529 0.43137255 0.29411765
v 4.50163010 5.93937038 0.60000000 0.58823529 0.43137255 0.29411765
v 5.20163010 5.93937038 1.35000000 0.58823529 0.43137255 0.29411765
v 5.20163010 7.46937038 1.35000000 0.58823529 0.43137255 0.29411765
v 4.50163010 7.46937038 1.35000000 0.58823529 0.43137255 0.29411765
v 4.50163010 5.93937038 1.35000000 0.58823529 0.43137255 0.29411765
v 0.19163010 2.23937038 0.60000000 0.58823529 0.43137255 0.29411765
v 0.19163010 4.35937038 0.60000000 0.58823529 0.43137255 0.29411765
v -0.15836990 4.35937038 0.60000000 0.58823529 0.43137255 0.29411765
v -0.15836990 2.23937038 0.60000000 0.58823529 0.43137255 0.29411765
v 0.19163010 2.23937038 1.10000000 0.58823529 0.43137255 0.29411765
v 0.19163010 4.35937038 1.10000000 0.58823529 0.43137255 0.29411765
v -0.15836990 4.35937038 1.10000000 0.58823529 0.43137255 0.29411765
v -0.15836990 2.23937038 1.10000000 0.58823529 0.43137255 0.29411765
f 1734 1733 1736
f 1735 1734 1736
f 1740 1737 1738
f 1740 1738 1739
f 1738 1737 1734
f 1734 1737 1733
f 1739 1738 1735
f 1735 1738 1734
f 1737 1740 1733
f 1733 1740 1736
f 1740 1739 1736
f 1736 1739 1735
f 1742 1741 1744
f 1743 1742 1744
f 1748 1745 1746
f 1748 1746 1747
f 1746 1745 1742
f 1742 1745 1741
f 1747 1746 1743
f 1743 1746 1742
f 1745 1748 1741
f 1741 1748 1744
f 1748 1747 1744
f 1744 1747 1743
f 1750 1749 1752
f 1751 1750 1752
f 1756 1753 1754
f 1756 1754 1755
f 1754 1753 1750
f 1750 1753 1749
f 1755 1754 1751
f 1751 1754 1750
f 1753 1756 1749
f 1749 1756 1752
f 1756 1755 1752
f 1752 1755 1751
f 1758 1757 1760
f 1759 1758 1760
f 1764 1761 1762
f 1764 1762 1763
f 1762 1761 1758
f 1758 1761 1757
f 1763 1762 1759
f 1759 1762 1758
f 1761 1764 1757
f 1757 1764 1760
f 1764 1763 1760
f 1760 1763 1759
f 1766 1765 1768
f 1767 1766 1768
f 1772 1769 1770
f 1772 1770 1771
f 1770 1769 1766
f 1766 1769 1765
f 1771 1770 1767
f 1767 1770 1766
f 1769 1772 1765
f 1765 1772 1768
f 1772 1771 1768
f 1768 1771 1767
f 1774 1773 1776
f 1775 1774 1776
f 1780 1777 1778
f 1780 1778 1779
f 1778 1777 1774
f 1774 1777 1773
f 1779 1778 1775
f 1775 1778 1774
f 1777 1780 1773
f 1773 1780 1776
f 1780 1779 1776
f 1776 1779 1775
f 1782 1781 1784
f 1783 1782 1784
f 1788 1785 1786
f 1788 1786 1787
f 1786 1785 1782
f 1782 1785 1781
f 1787 1786 1783
f 1783 1786 1782
f 1785 1788 1781
f 1781 1788 1784
f 1788 1787 1784
f 1784 1787 1783
f 1790 1789 1792
f 1791 1790 1792
f 1796 1793 1794
f 1796 1794 1795
f 1794 1793 1790
f 1790 1793 1789
f 1795 1794 1791
f 1791 1794 1790
f 1793 1796 1789
f 1789 1796 1792
f 1796 1795 1792
f 1792 1795 1791
f 1798 1797 1800
f 1799 1798 1800
f 1804 1801 1802
f 1804 1802 1803
f 1802 1801 1798
f 1798 1801 1797
f 1803 1802 1799
f 1799 1802 1798
f 1801 1804 1797
f 1797 1804 1800
f 1804 1803 1800
f 1800 1803 1799
f 1806 1805 1808
f 1807 1806 1808
f 1812 1809 1810
f 1812 1810 1811
f 1810 1809 1806
f 1806 1809 1805
f 1811 1810 1807
f 1807 1810 1806
f 1809 1812 1805
f 1805 1812 1808
f 1812 1811 1808
f 1808 1811 1807
f 1814 1813 1816
f 1815 1814 1816
f 1820 1817 1818
f 1820 1818 1819
f 1818 1817 1814
f 1814 1817 1813
f 1819 1818 1815
f 1815 1818 1814
f 1817 1820 1813
f 1813 1820 1816
f 1820 1819 1816
f 1816 1819 1815
f 1822 1821 1824
f 1823 1822 1824
f 1828 1825 1826
f 1828 1826 1827
f 1826 1825 1822
f 1822 1825 1821
f 1827 1826 1823
f 1823 1826 1822
f 1825 1828 1821
f 1821 1828 1824
f 1828 1827 1824
f 1824 1827 1823
f 1830 1829 1832
f 1831 1830 1832
f 1836 1833 1834
f 1836 1834 1835
f 1834 1833 1830
f 1830 1833 1829
f 1835 1834 1831
f 1831 1834 1830
f 1833 1836 1829
f 1829 1836 1832
f 1836 1835 1832
f 1832 1835 1831
f 1838 1837 1840
f 1839 1838 1840
f 1844 1841 1842
f 1844 1842 1843
f 1842 1841 1838
f 1838 1841 1837
f 1843 1842 1839
f 1839 1842 1838
f 1841 1844 1837
f 1837 1844 1840
f 1844 1843 1840
f 1840 1843 1839

o bed
v 2.40509997 4.57000002 0.60000000 0.92156863 0.92156863 0.94117647
v 2.40509997 7.43000002 0.60000000 0.92156863 0.92156863 0.94117647
v 0.39509997 7.43000002 0.60000000 0.92156863 0.92156863 0.94117647
v 0.39509997 4.57000002 0.60000000 0.92156863 0.92156863 0.94117647
v 2.40509997 4.57000002 1.15000000 0.92156863 0.92156863 0.94117647
v 2.40509997 7.43000002 1.15000000 0.92156863 0.92156863 0.94117647
v 0.39509997 7.43000002 1.15000000 0.92156863 0.92156863 0.94117647
v 0.39509997 4.57000002 1.15000000 0.92156863 0.92156863 0.94117647
v 4.88255876 -3.81530916 0.60000000 0.92156863 0.92156863 0.94117647
v 4.88255876 -1.80530916 0.60000000 0.92156863 0.92156863 0.94117647
v 2.02255876 -1.80530916 0.60000000 0.92156863 0.92156863 0.94117647
v 2.02255876 -3.81530916 0.60000000 0.92156863 0.92156863 0.94117647
v 4.88255876 -3.81530916 1.15000000 0.92156863 0.92156863 0.94117647
v 4.88255876 -1.80530916 1.15000000 0.92156863 0.92156863 0.94117647
v 2.02255876 -1.80530916 1.15000000 0.92156863 0.92156863 0.94117647
v 2.02255876 -3.81530916 1.15000000 0.92156863 0.92156863 0.94117647
v 4.89008041 -6.07961282 0.60000000 0.92156863 0.92156863 0.94117647
v 4.89008041 -4.06961282 0.60000000 0.92156863 0.92156863 0.94117647
v 2.03008041 -4.06961282 0.60000000 0.92156863 0.92156863 0.94117647
v 2.03008041 -6.07961282 0.60000000 0.92156863 0.92156863 0.94117647
v 4.89008041 -6.07961282 1.15000000 0.92156863 0.92156863 0.94117647
v 4.89008041 -4.06961282 1.15000000 0.92156863 0.92156863 0.94117647
v 2.03008041 -4.06961282 1.15000000 0.92156863 0.92156863 0.94117647
v 2.03008041 -6.07961282 1.15000000 0.92156863 0.92156863 0.94117647
f 1846 1845 1848
f 1847 1846 1848
f 1852 1849 1850
f 1852 1850 1851
f 1850 1849 1846
f 1846 1849 1845
f 1851 1850 1847
f 1847 1850 1846
f 1849 1852 1845
f 1845 1852 1848
f 1852 1851 1848
f 1848 1851 1847
f 1854 1853 1856
f 1855 1854 1856
f 1860 1857 1858
f 1860 1858 1859
f 1858 1857 1854
f 1854 1857 1853
f 1859 1858 1855
f 1855 1858 1854
f 1857 1860 1853
f 1853 1860 1856
f 1860 1859 1856
f 1856 1859 1855
f 1862 1861 1864
f 1863 1862 1864
f 1868 1865 1866
f 1868 1866 1867
f 1866 1865 1862
f 1862 1865 1861
f 1867 1866 1863
f 1863 1866 1862
f 1865 1868 1861
f 1861 1868 1864
f 1868 1867 1864
f 1864 1867 1863

o slab
v 5.47500000 -7.80000002 3.35000000 0.88235294 0.86274510 0.82352941
v 5.47500000 7.80000002 3.35000000 0.88235294 0.86274510 0.82352941
v -5.47500000 7.80000002 3.35000000 0.88235294 0.86274510 0.82352941
v -5.47500000 -7.80000002 3.35000000 0.88235294 0.86274510 0.82352941
v 5.47500000 -7.80000002 3.50000000 0.88235294 0.86274510 0.82352941
v 5.47500000 7.80000002 3.50000000 0.88235294 0.86274510 0.82352941
v -5.47500000 7.80000002 3.50000000 0.88235294 0.86274510 0.82352941
v -5.47500000 -7.80000002 3.50000000 0.88235294 0.86274510 0.82352941
f 1870 1869 1872
f 1871 1870 1872
f 1876 1873 1874
f 1876 1874 1875
f 1874 1873 1870
f 1870 1873 1869
f 1875 1874 1871
f 1871 1874 1870
f 1873 1876 1869
f 1869 1876 1872
f 1876 1875 1872
f 1872 1875 1871

o roof
v -6.37500000 -8.70000002 3.50000000 0.65882353 0.29019608 0.18039216
v 6.37500000 -8.70000002 3.50000000 0.65882353 0.29019608 0.18039216
v 6.37500000 8.70000002 3.50000000 0.65882353 0.29019608 0.18039216
v -6.37500000 8.70000002 3.50000000 0.65882353 0.29019608 0.18039216
v 0.00000000 -2.32500002 6.05000000 0.65882353 0.29019608 0.18039216
v 0.00000000 2.32500002 6.05000000 0.65882353 0.29019608 0.18039216
v -6.37500000 -8.70000002 3.32000000 0.65882353 0.29019608 0.18039216
v 6.37500000 -8.70000002 3.32000000 0.65882353 0.29019608 0.18039216
v 6.37500000 8.70000002 3.32000000 0.65882353 0.29019608 0.18039216
v -6.37500000 8.70000002 3.32000000 0.65882353 0.29019608 0.18039216
v 0.00000000 -2.32500002 5.87000000 0.65882353 0.29019608 0.18039216
v 0.00000000 2.32500002 5.87000000 0.65882353 0.29019608 0.18039216
f 1877 1878 1881
f 1878 1879 1882
f 1878 1882 1881
f 1879 1880 1882
f 1880 1877 1881
f 1880 1881 1882
f 1883 1887 1884
f 1884 1888 1885
f 1884 1887 1888
f 1885 1888 1886
f 1886 1887 1883
f 1886 1888 1887
f 1877 1884 1878
f 1877 1883 1884
f 1878 1885 1879
f 1878 1884 1885
f 1879 1886 1880
f 1879 1885 1886
f 1880 1883 1877
f 1880 1886 1883

o fascia
v -6.37500000 8.70000002 3.28000000 0.43137255 0.27450980 0.17647059
v 6.37500000 8.70000002 3.28000000 0.43137255 0.27450980 0.17647059
v 6.37500000 -8.70000002 3.28000000 0.43137255 0.27450980 0.17647059
v -6.37500000 -8.70000002 3.28000000 0.43137255 0.27450980 0.17647059
v -6.34500000 8.67000002 3.28000000 0.43137255 0.27450980 0.17647059
v -6.34500000 -8.67000002 3.28000000 0.43137255 0.27450980 0.17647059
v 6.34500000 -8.67000002 3.28000000 0.43137255 0.27450980 0.17647059
v 6.34500000 8.67000002 3.28000000 0.43137255 0.27450980 0.17647059
v -6.37500000 8.70000002 3.48000000 0.43137255 0.27450980 0.17647059
v 6.37500000 8.70000002 3.48000000 0.43137255 0.27450980 0.17647059
v 6.37500000 -8.70000002 3.48000000 0.43137255 0.27450980 0.17647059
v -6.37500000 -8.70000002 3.48000000 0.43137255 0.27450980 0.17647059
v -6.34500000 8.67000002 3.48000000 0.43137255 0.27450980 0.17647059
v -6.34500000 -8.67000002 3.48000000 0.43137255 0.27450980 0.17647059
v 6.34500000 -8.67000002 3.48000000 0.43137255 0.27450980 0.17647059
v 6.34500000 8.67000002 3.48000000 0.43137255 0.27450980 0.17647059
f 1893 1894 1892
f 1892 1894 1895
f 1891 1892 1895
f 1890 1891 1895
f 1893 1892 1889
f 1896 1893 1889
f 1890 1895 1896
f 1889 1890 1896
f 1900 1902 1901
f 1903 1902 1900
f 1903 1900 1899
f 1903 1899 1898
f 1897 1900 1901
f 1897 1901 1904
f 1904 1903 1898
f 1904 1898 1897
f 1897 1898 1889
f 1889 1898 1890
f 1898 1899 1890
f 1890 1899 1891
f 1900 1897 1892
f 1892 1897 1889
f 1899 1900 1891
f 1891 1900 1892
f 1901 1902 1893
f 1893 1902 1894
f 1902 1903 1894
f 1894 1903 1895
f 1904 1901 1896
f 1896 1901 1893
f 1903 1904 1895
f 1895 1904 1896

